access,rank,runtime-with-openclose,runtime,throughput-withopenclose,throughput
read,0,1.4142749071e+01,5.8336231709e+00,7.9628834418e+07,1.9304822938e+08
read,1,1.4141146898e+01,5.8336229324e+00,7.9637856257e+07,1.9304823727e+08
read,2,1.4144421816e+01,5.8336229324e+00,7.9619417369e+07,1.9304823727e+08
read,3,1.4145420790e+01,5.8336257935e+00,7.9613794509e+07,1.9304814259e+08
read,4,1.4140676022e+01,5.8336610794e+00,7.9640508154e+07,1.9304697490e+08
read,5,1.4142785072e+01,5.8336620331e+00,7.9628631719e+07,1.9304694335e+08
read,6,1.4146311998e+01,5.8336670399e+00,7.9608778891e+07,1.9304677766e+08
read,7,1.4144493103e+01,5.8336639404e+00,7.9619016093e+07,1.9304688023e+08
read,8,1.4140377998e+01,5.8336989880e+00,7.9642186661e+07,1.9304572045e+08
read,9,1.4141412973e+01,5.8337020874e+00,7.9636357846e+07,1.9304561788e+08
read,10,1.4145118952e+01,5.8336999416e+00,7.9615493361e+07,1.9304568889e+08
read,11,1.4143412113e+01,5.8337039948e+00,7.9625101424e+07,1.9304555476e+08
read,12,1.4145365000e+01,5.8336899281e+00,7.9614108510e+07,1.9304602025e+08
read,13,1.4140398979e+01,5.8336911201e+00,7.9642068492e+07,1.9304598080e+08
read,14,1.4143024921e+01,5.8336920738e+00,7.9627281311e+07,1.9304594925e+08
read,15,1.4147557974e+01,5.8336949348e+00,7.9601767745e+07,1.9304585457e+08
read,16,1.4146415949e+01,5.8336930275e+00,7.9608193911e+07,1.9304591769e+08
read,17,1.4140583992e+01,5.8336942196e+00,7.9641026469e+07,1.9304587824e+08
read,18,1.4143275023e+01,5.8336930275e+00,7.9625873230e+07,1.9304591769e+08
read,19,1.4148293972e+01,5.8337001801e+00,7.9597626839e+07,1.9304568100e+08
read,20,1.4143362999e+01,5.8336768150e+00,7.9625377930e+07,1.9304645418e+08
read,21,1.4144174099e+01,5.8336780071e+00,7.9620811800e+07,1.9304641474e+08
read,22,1.4141762972e+01,5.8336770535e+00,7.9634386903e+07,1.9304644629e+08
read,23,1.4145791054e+01,5.8336830139e+00,7.9611710630e+07,1.9304624905e+08
read,24,1.4142120123e+01,5.8337230682e+00,7.9632375783e+07,1.9304492360e+08
read,25,1.4145502090e+01,5.8337240219e+00,7.9613336932e+07,1.9304489204e+08
read,26,1.4140508175e+01,5.8337230682e+00,7.9641453480e+07,1.9304492360e+08
read,27,1.4143916130e+01,5.8337340355e+00,7.9622263993e+07,1.9304456068e+08
read,28,1.4144142151e+01,5.8337178230e+00,7.9620991644e+07,1.9304509717e+08
read,29,1.4140575886e+01,5.8337199688e+00,7.9641072124e+07,1.9304502616e+08
read,30,1.4142527819e+01,5.8337209225e+00,7.9630080169e+07,1.9304499460e+08
read,31,1.4145593882e+01,5.8337209225e+00,7.9612820319e+07,1.9304499460e+08
read,32,1.4140406132e+01,5.8336329460e+00,7.9642028207e+07,1.9304790590e+08
read,33,1.4142729044e+01,5.8336329460e+00,7.9628947178e+07,1.9304790590e+08
read,34,1.4146548033e+01,5.8336338997e+00,7.9607450623e+07,1.9304787434e+08
read,35,1.4144823074e+01,5.8336319923e+00,7.9617158736e+07,1.9304793746e+08
