ts	node	mt_bytes	l0_bytes	n_l0	n_l1	rss_kb	lag_max	pump_hold_max_us	apply_sleep_n	backpressure_n	role
04:08:14	1	0 0 0 0	4180	0	40749	2	0	LEADER,
04:08:14	2	0 0 0 0	3968	0	89116	0	0	FOLLOWER,
04:08:14	3	0 0 0 0	3904	0	91688	0	0	FOLLOWER,
04:08:19	1	419752 0 0 0	16064	0	127943	8	0	LEADER,
04:08:19	2	419752 0 0 0	12468	0	72722	0	0	FOLLOWER,
04:08:19	3	419752 0 0 0	12216	0	125876	0	0	FOLLOWER,
04:08:24	1	837800 0 0 0	16088	0	97663	8	0	LEADER,
04:08:24	2	837800 0 0 0	12492	0	165610	0	0	FOLLOWER,
04:08:24	3	837800 0 0 0	12248	0	3148	0	0	FOLLOWER,
04:08:29	1	837800 0 0 0	16092	0	148	8	0	LEADER,
04:08:29	2	837800 0 0 0	12492	0	511	0	0	FOLLOWER,
04:08:29	3	837800 0 0 0	12252	0	101	0	0	FOLLOWER,
04:08:34	1	1674432 0 0 0	18652	0	7568	17	0	LEADER,
04:08:34	2	1674432 0 0 0	15044	0	115014	0	0	FOLLOWER,
04:08:34	3	2093016 0 0 0	14972	0	122924	0	0	FOLLOWER,
04:08:39	1	2929648 0 0 0	21376	0	9340	25	0	LEADER,
04:08:39	2	2929648 0 0 0	18724	0	145154	0	0	FOLLOWER,
04:08:39	3	3347964 0 0 0	18216	0	121479	0	0	FOLLOWER,
04:08:44	1	4184596 0 0 0	24556	0	1020065	34	0	FOLLOWER,
04:08:44	2	4184596 0 0 0	25224	0	143322	0	0	FOLLOWER,LEADER,
04:08:44	3	202624 3367253 22 0	21576	0	139435	0	0	FOLLOWER,LEADER,
04:08:50	1	412417 105281 4 18	28844	0	570946	38	0	FOLLOWER,LEADER,
04:08:50	2	621441 1366435 13 9	22852	0	1569439	1	0	FOLLOWER,
04:08:50	3	1458275 3367253 22 0	22992	0	130350	0	0	FOLLOWER,LEADER,
04:08:55	1	2085685 52831 3 19	29884	0	112381	48	0	FOLLOWER,LEADER,
04:08:55	2	2085685 52831 3 19	25220	0	302955	1	0	FOLLOWER,
04:08:55	3	2922519 3367253 22 0	24200	0	127760	0	0	FOLLOWER,LEADER,
04:09:00	1	3758684 52831 3 19	30316	0	99952	48	0	FOLLOWER,LEADER,
04:09:00	2	3758684 52831 3 19	25936	0	168639	1	0	FOLLOWER,
04:09:00	3	3758884 52831 3 19	25624	0	100004	0	0	FOLLOWER,LEADER,
