20260820-165830	dd	seq1m_cached.read	3584.0	1
20260820-165830	dd	seq1m.write	2150.4	1
20260820-165830	fio	rr-128k	3784.0	1
20260820-165830	fio	rr-1m	4593.0	1
20260820-165830	fio	rr-4k	483.0	1
20260820-165830	fio	rw-1m	5108.0	1
20260820-165830	fio	warmup-sw	4376.0	1
20260820-165830	fio	rw-4k	1372.0	1
20260820-165830	fio	rw-128k	2769.0	1
20260820-165830	fio	ow-1m	5041.0	1
20260820-165830	fio	sr-1m	4641.0	1
20260820-165830	dd	seq1m_cached.write	1536.0	1
20260820-165830	dd	seq1m.read	3379.2	1
20260820-165830	fio	sw-1m	5120.0	1
20260820-170303	dd	seq1m_cached.read	28672.0	9
20260820-170303	dd	seq1m.write	18534.4	9
20260820-170303	fio	rr-128k	22180.0	9
20260820-170303	fio	rr-1m	26322.0	9
20260820-170303	fio	rr-4k	3508.0	9
20260820-170303	fio	rw-1m	4059.0	9
20260820-170303	fio	warmup-sw	3600.0	9
20260820-170303	fio	rw-4k	13428.0	9
20260820-170303	fio	rw-128k	5918.0	9
20260820-170303	fio	ow-1m	3955.0	9
20260820-170303	fio	sr-1m	25138.0	9
20260820-170303	dd	seq1m_cached.write	13721.6	9
20260820-170303	dd	seq1m.read	28569.6	9
20260820-170303	fio	sw-1m	4888.0	9
20260820-204328	dd	seq1m_cached.read	1126.4	1
20260820-204328	dd	seq1m.write	2048.0	1
20260820-204328	fio	rr-128k	3390.0	1
20260820-204328	fio	rr-1m	3913.0	1
20260820-204328	fio	rr-4k	224.0	1
20260820-204328	fio	rw-1m	4541.0	1
20260820-204328	fio	warmup-sw	1298.0	1
20260820-204328	fio	rw-4k	125.0	1
20260820-204328	fio	rw-128k	2006.0	1
20260820-204328	fio	ow-1m	4456.0	1
20260820-204328	fio	sr-1m	4327.0	1
20260820-204328	dd	seq1m_cached.write	1536.0	1
20260820-204328	dd	seq1m.read	3379.2	1
20260820-204328	fio	sw-1m	4648.0	1
20260820-204949	dd	seq1m_cached.read	9318.4	9
20260820-204949	dd	seq1m.write	19763.2	9
20260820-204949	fio	rr-128k	15534.0	9
20260820-204949	fio	rr-1m	21558.0	9
20260820-204949	fio	rr-4k	1486.0	9
20260820-204949	fio	rw-1m	6276.0	9
20260820-204949	fio	warmup-sw	2886.0	9
20260820-204949	fio	rw-4k	302.0	9
20260820-204949	fio	rw-128k	4717.0	9
20260820-204949	fio	ow-1m	5817.0	9
20260820-204949	fio	sr-1m	18511.0	9
20260820-204949	dd	seq1m_cached.write	13516.8	9
20260820-204949	dd	seq1m.read	29491.2	9
20260820-204949	fio	sw-1m	5853.0	9
20260820-220703	dd	seq1m_cached.read	1024.0	1
20260820-220703	dd	seq1m.write	2048.0	1
20260820-220703	fio	rr-128k	3611.0	1
20260820-220703	fio	rr-1m	3743.0	1
20260820-220703	fio	rr-4k	209.0	1
20260820-220703	fio	rw-1m	4083.0	1
20260820-220703	fio	warmup-sw	1452.0	1
20260820-220703	fio	rw-4k	1545.0	1
20260820-220703	fio	rw-128k	6707.0	1
20260820-220703	fio	ow-1m	3872.0	1
20260820-220703	fio	sr-1m	3827.0	1
20260820-220703	dd	seq1m_cached.write	1536.0	1
20260820-220703	dd	seq1m.read	3174.4	1
20260820-220703	fio	sw-1m	4217.0	1
20260820-220930	dd	seq1m_cached.read	7325.0	9
20260820-220930	dd	seq1m.write	18022.4	9
20260820-220930	fio	rr-128k	5746.0	9
20260820-220930	fio	rr-1m	12323.0	9
20260820-220930	fio	rr-4k	363.5	9
20260820-220930	fio	rw-1m	2652.0	9
20260820-220930	fio	warmup-sw	3111.0	9
20260820-220930	fio	rw-4k	1799.1	9
20260820-220930	fio	rw-128k	11834.0	9
20260820-220930	fio	ow-1m	4428.0	9
20260820-220930	fio	sr-1m	17294.0	9
20260820-220930	dd	seq1m_cached.write	13004.8	9
20260820-220930	dd	seq1m.read	32665.6	9
20260820-220930	fio	sw-1m	4593.0	9
20260821-013841	dd	seq1m_cached.read	753.0	1
20260821-013841	dd	seq1m.write	1843.2	1
20260821-013841	fio	rr-128k	2835.0	1
20260821-013841	fio	rr-1m	3630.0	1
20260821-013841	fio	rr-4k	177.0	1
20260821-013841	fio	rw-1m	4013.0	1
20260821-013841	fio	warmup-sw	704.0	1
20260821-013841	fio	rw-4k	1554.0	1
20260821-013841	fio	rw-128k	6459.0	1
20260821-013841	fio	ow-1m	3241.0	1
20260821-013841	fio	sr-1m	3566.0	1
20260821-013841	dd	seq1m_cached.write	1433.6	1
20260821-013841	dd	seq1m.read	3379.2	1
20260821-013841	fio	sw-1m	4255.0	1
20260821-023152	dd	seq1m_cached.read	1628.0	9
20260821-023152	dd	seq1m.write	3788.8	9
20260821-023152	fio	rr-128k	5444.0	9
20260821-023152	fio	rr-1m	6123.0	9
20260821-023152	fio	rr-4k	358.0	9
20260821-023152	fio	rw-1m	6148.0	9
20260821-023152	fio	warmup-sw	712.0	9
20260821-023152	fio	rw-4k	3107.0	9
20260821-023152	fio	rw-128k	11978.0	9
20260821-023152	fio	ow-1m	6441.0	9
20260821-023152	fio	sr-1m	5617.0	9
20260821-023152	dd	seq1m_cached.write	2764.8	9
20260821-023152	dd	seq1m.read	6656.0	9
20260821-023152	fio	sw-1m	5473.0	9
20260821-023817	dd	seq1m_cached.read	6284.0	9
20260821-023817	dd	seq1m.write	18944.0	9
20260821-023817	fio	rr-128k	2641.0	9
20260821-023817	fio	rr-1m	8607.0	9
20260821-023817	fio	rr-4k	325.1	9
20260821-023817	fio	rw-1m	2061.0	9
20260821-023817	fio	warmup-sw	2502.0	9
20260821-023817	fio	rw-4k	9225.0	9
20260821-023817	fio	rw-128k	90684.6	9
20260821-023817	fio	ow-1m	3166.0	9
20260821-023817	fio	sr-1m	9171.0	9
20260821-023817	dd	seq1m_cached.write	13619.2	9
20260821-023817	dd	seq1m.read	30822.4	9
20260821-023817	fio	sw-1m	1274.0	9
20260821-185415	dd	seq1m_cached.read	2048.0	1
20260821-185415	dd	seq1m.write	1945.6	1
20260821-185415	fio	rr-128k	3647.0	1
20260821-185415	fio	rr-1m	4691.0	1
20260821-185415	fio	rr-4k	513.0	1
20260821-185415	fio	rw-1m	4983.0	1
20260821-185415	fio	warmup-sw	2860.0	1
20260821-185415	fio	rw-4k	1559.0	1
20260821-185415	fio	rw-128k	14233.6	1
20260821-185415	fio	ow-1m	4970.0	1
20260821-185415	fio	sr-1m	4686.0	1
20260821-185415	dd	seq1m_cached.write	1433.6	1
20260821-185415	dd	seq1m.read	3174.4	1
20260821-185415	fio	sw-1m	5049.0	1
20260821-185604	dd	seq1m_cached.read	16486.4	9
20260821-185604	dd	seq1m.write	17817.6	9
20260821-185604	fio	rr-128k	26593.0	9
20260821-185604	fio	rr-1m	26753.0	9
20260821-185604	fio	rr-4k	4198.0	9
20260821-185604	fio	rw-1m	5134.0	9
20260821-185604	fio	warmup-sw	3629.0	9
20260821-185604	fio	rw-4k	13917.0	9
20260821-185604	fio	rw-128k	121446.4	9
20260821-185604	fio	ow-1m	3687.0	9
20260821-185604	fio	sr-1m	24576.0	9
20260821-185604	dd	seq1m_cached.write	13107.2	9
20260821-185604	dd	seq1m.read	30105.6	9
20260821-185604	fio	sw-1m	4842.0	9
20260823-063517	dd	seq1m_cached.read	2150.4	1
20260823-063517	dd	seq1m.write	2252.8	1
20260823-063517	fio	rr-128k	3599.0	1
20260823-063517	fio	rr-1m	4594.0	1
20260823-063517	fio	rr-4k	503.0	1
20260823-063517	fio	rw-1m	4943.0	1
20260823-063517	fio	warmup-sw	2848.0	1
20260823-063517	fio	rw-4k	1554.0	1
20260823-063517	fio	rw-128k	13619.2	1
20260823-063517	fio	ow-1m	5121.0	1
20260823-063517	fio	sr-1m	4550.0	1
20260823-063517	dd	seq1m_cached.write	1433.6	1
20260823-063517	dd	seq1m.read	3379.2	1
20260823-063517	fio	sw-1m	5054.0	1
20260823-063843	dd	seq1m_cached.read	15872.0	9
20260823-063843	dd	seq1m.write	18944.0	9
20260823-063843	fio	rr-128k	27330.0	9
20260823-063843	fio	rr-1m	25966.0	9
20260823-063843	fio	rr-4k	4116.0	9
20260823-063843	fio	rw-1m	4661.0	9
20260823-063843	fio	warmup-sw	3176.0	9
20260823-063843	fio	rw-4k	13983.0	9
20260823-063843	fio	rw-128k	125542.4	9
20260823-063843	fio	ow-1m	3188.0	9
20260823-063843	fio	sr-1m	24174.0	9
20260823-063843	dd	seq1m_cached.write	13516.8	9
20260823-063843	dd	seq1m.read	29593.6	9
20260823-063843	fio	sw-1m	5400.0	9
20260823-072012	dd	seq1m_cached.read	2048.0	1
20260823-072012	dd	seq1m.write	2150.4	1
20260823-072012	fio	rr-128k	3565.0	1
20260823-072012	fio	rr-1m	4641.0	1
20260823-072012	fio	rr-4k	553.0	1
20260823-072012	fio	rw-1m	4954.0	1
20260823-072012	fio	warmup-sw	2805.0	1
20260823-072012	fio	rw-4k	1536.0	1
20260823-072012	fio	rw-128k	13926.4	1
20260823-072012	fio	ow-1m	4974.0	1
20260823-072012	fio	sr-1m	4578.0	1
20260823-072012	dd	seq1m_cached.write	1536.0	1
20260823-072012	dd	seq1m.read	3481.6	1
20260823-072012	fio	sw-1m	4993.0	1
20260823-072210	dd	seq1m_cached.read	17203.2	9
20260823-072210	dd	seq1m.write	16606.3	9
20260823-072210	fio	rr-128k	18547.0	9
20260823-072210	fio	rr-1m	16208.0	9
20260823-072210	fio	rr-4k	4018.0	9
20260823-072210	fio	rw-1m	7635.0	9
20260823-072210	fio	warmup-sw	4704.0	9
20260823-072210	fio	rw-4k	13817.0	9
20260823-072210	fio	rw-128k	119193.6	9
20260823-072210	fio	ow-1m	11524.0	9
20260823-072210	fio	sr-1m	27931.0	9
20260823-072210	dd	seq1m_cached.write	11691.2	9
20260823-072210	dd	seq1m.read	29900.8	9
20260823-072210	fio	sw-1m	8270.0	9
