test	clients	host	bw_mib_s
sw-1m	1	fcstor007	494.0
sw-1m	1	AGG	494.0
ow-1m	1	fcstor007	485.0
ow-1m	1	AGG	485.0
rw-1m	1	fcstor007	445.0
rw-1m	1	AGG	445.0
rw-128k	1	fcstor007	378.0
rw-128k	1	AGG	378.0
rw-4k	1	fcstor007	118.0
rw-4k	1	AGG	118.0
sr-1m	1	fcstor007	4230.0
sr-1m	1	AGG	4230.0
rr-1m	1	fcstor007	2546.0
rr-1m	1	AGG	2546.0
rr-128k	1	fcstor007	1562.0
rr-128k	1	AGG	1562.0
rr-4k	1	fcstor007	154.0
rr-4k	1	AGG	154.0
sw-50g	1	fcstor007	185.0
sw-50g	1	AGG	185.0
sr-50g	1	fcstor007	FAIL
sr-50g	1	AGG	0
sw-1m	4	fcstor007	93.5
sw-1m	4	fcstor008	93.4
sw-1m	4	fcstor009	88.4
sw-1m	4	fcstor010	89.1
sw-1m	4	AGG	364.4
ow-1m	4	fcstor007	92.0
ow-1m	4	fcstor008	94.7
ow-1m	4	fcstor009	91.9
ow-1m	4	fcstor010	95.5
ow-1m	4	AGG	374.1
rw-1m	4	fcstor007	80.0
rw-1m	4	fcstor008	82.0
rw-1m	4	fcstor009	74.4
rw-1m	4	fcstor010	77.3
rw-1m	4	AGG	313.7
rw-128k	4	fcstor007	FAIL
rw-128k	4	fcstor008	FAIL
rw-128k	4	fcstor009	FAIL
rw-128k	4	fcstor010	FAIL
rw-128k	4	AGG	0
rw-4k	4	fcstor007	FAIL
rw-4k	4	fcstor008	FAIL
rw-4k	4	fcstor009	FAIL
rw-4k	4	fcstor010	FAIL
rw-4k	4	AGG	0
sr-1m	4	fcstor007	FAIL
sr-1m	4	fcstor008	FAIL
sr-1m	4	fcstor009	FAIL
sr-1m	4	fcstor010	FAIL
sr-1m	4	AGG	0
rr-1m	4	fcstor007	FAIL
rr-1m	4	fcstor008	FAIL
rr-1m	4	fcstor009	FAIL
rr-1m	4	fcstor010	FAIL
rr-1m	4	AGG	0
rr-128k	4	fcstor007	FAIL
rr-128k	4	fcstor008	FAIL
rr-128k	4	fcstor009	FAIL
rr-128k	4	fcstor010	FAIL
rr-128k	4	AGG	0
