ts	host	path	layout	suite	test	bw_mib_s	iops	rc
2026-08-20T22:19:03Z	fcstor006	/data1/01	serial	dd	seq1m.write	4198.4	-	0
2026-08-20T22:19:03Z	fcstor006	/data1/01	serial	dd	seq1m.read	3174.4	-	0
2026-08-20T22:19:03Z	fcstor006	/data1/01	serial	dd	seq1m_cached.write	2355.2	-	0
2026-08-20T22:19:03Z	fcstor006	/data1/01	serial	dd	seq1m_cached.read	11571.2	-	0
2026-08-20T22:19:03Z	fcstor006	/data1/01	serial	fio	warmup-sw	3871.0	-	0
2026-08-20T22:19:03Z	fcstor006	/data1/01	serial	fio	sw-1m	3865.0	3865	0
2026-08-20T22:19:03Z	fcstor006	/data1/01	serial	fio	ow-1m	3866.0	3866	0
2026-08-20T22:19:03Z	fcstor006	/data1/01	serial	fio	sr-1m	3692.0	3691	0
2026-08-20T22:19:03Z	fcstor006	/data1/01	serial	fio	rw-1m	3780.0	3780	0
2026-08-20T22:19:03Z	fcstor006	/data1/01	serial	fio	rr-1m	3404.0	3403	0
2026-08-20T22:19:03Z	fcstor006	/data1/01	serial	fio	rw-128k	3671.0	29.4k	0
2026-08-20T22:19:03Z	fcstor006	/data1/01	serial	fio	rr-128k	4610.0	36.9k	0
2026-08-20T22:19:03Z	fcstor006	/data1/01	serial	fio	rw-4k	2460.0	630k	0
2026-08-20T22:19:03Z	fcstor006	/data1/01	serial	fio	rr-4k	332.0	85.0k	0
2026-08-20T22:21:15Z	fcstor006	/data1/02	serial	dd	seq1m.write	3686.4	-	0
2026-08-20T22:21:15Z	fcstor006	/data1/02	serial	dd	seq1m.read	2764.8	-	0
2026-08-20T22:21:15Z	fcstor006	/data1/02	serial	dd	seq1m_cached.write	2355.2	-	0
2026-08-20T22:21:15Z	fcstor006	/data1/02	serial	dd	seq1m_cached.read	11571.2	-	0
2026-08-20T22:21:15Z	fcstor006	/data1/02	serial	fio	warmup-sw	3568.0	-	0
2026-08-20T22:21:15Z	fcstor006	/data1/02	serial	fio	sw-1m	3795.0	3794	0
2026-08-20T22:21:15Z	fcstor006	/data1/02	serial	fio	ow-1m	3587.0	3587	0
2026-08-20T22:21:15Z	fcstor006	/data1/02	serial	fio	sr-1m	4056.0	4055	0
2026-08-20T22:21:15Z	fcstor006	/data1/02	serial	fio	rw-1m	3856.0	3856	0
2026-08-20T22:21:15Z	fcstor006	/data1/02	serial	fio	rr-1m	3814.0	3814	0
2026-08-20T22:21:15Z	fcstor006	/data1/02	serial	fio	rw-128k	3854.0	30.8k	0
2026-08-20T22:21:15Z	fcstor006	/data1/02	serial	fio	rr-128k	5102.0	40.8k	0
2026-08-20T22:21:15Z	fcstor006	/data1/02	serial	fio	rw-4k	2461.0	630k	0
2026-08-20T22:21:15Z	fcstor006	/data1/02	serial	fio	rr-4k	322.0	82.5k	0
2026-08-20T22:23:28Z	fcstor006	/data1/03	serial	dd	seq1m.write	4198.4	-	0
2026-08-20T22:23:28Z	fcstor006	/data1/03	serial	dd	seq1m.read	3276.8	-	0
2026-08-20T22:23:28Z	fcstor006	/data1/03	serial	dd	seq1m_cached.write	2355.2	-	0
2026-08-20T22:23:28Z	fcstor006	/data1/03	serial	dd	seq1m_cached.read	11366.4	-	0
2026-08-20T22:23:28Z	fcstor006	/data1/03	serial	fio	warmup-sw	3846.0	-	0
2026-08-20T22:23:28Z	fcstor006	/data1/03	serial	fio	sw-1m	3856.0	3856	0
2026-08-20T22:23:28Z	fcstor006	/data1/03	serial	fio	ow-1m	3730.0	3729	0
2026-08-20T22:23:28Z	fcstor006	/data1/03	serial	fio	sr-1m	3690.0	3689	0
2026-08-20T22:23:28Z	fcstor006	/data1/03	serial	fio	rw-1m	3853.0	3853	0
2026-08-20T22:23:28Z	fcstor006	/data1/03	serial	fio	rr-1m	3809.0	3809	0
2026-08-20T22:23:28Z	fcstor006	/data1/03	serial	fio	rw-128k	1706.0	13.6k	0
2026-08-20T22:23:28Z	fcstor006	/data1/03	serial	fio	rr-128k	5110.0	40.9k	0
2026-08-20T22:23:28Z	fcstor006	/data1/03	serial	fio	rw-4k	647.0	166k	0
2026-08-20T22:23:28Z	fcstor006	/data1/03	serial	fio	rr-4k	332.0	85.1k	0
2026-08-20T22:25:40Z	fcstor006	/data1/04	serial	dd	seq1m.write	4096.0	-	0
2026-08-20T22:25:40Z	fcstor006	/data1/04	serial	dd	seq1m.read	3276.8	-	0
2026-08-20T22:25:40Z	fcstor006	/data1/04	serial	dd	seq1m_cached.write	2457.6	-	0
2026-08-20T22:25:40Z	fcstor006	/data1/04	serial	dd	seq1m_cached.read	11264.0	-	0
2026-08-20T22:25:40Z	fcstor006	/data1/04	serial	fio	warmup-sw	3850.0	-	0
2026-08-20T22:25:40Z	fcstor006	/data1/04	serial	fio	sw-1m	3856.0	3856	0
2026-08-20T22:25:40Z	fcstor006	/data1/04	serial	fio	ow-1m	3856.0	3856	0
2026-08-20T22:25:40Z	fcstor006	/data1/04	serial	fio	sr-1m	3967.0	3966	0
2026-08-20T22:25:40Z	fcstor006	/data1/04	serial	fio	rw-1m	3853.0	3852	0
2026-08-20T22:25:40Z	fcstor006	/data1/04	serial	fio	rr-1m	3830.0	3829	0
2026-08-20T22:25:40Z	fcstor006	/data1/04	serial	fio	rw-128k	3853.0	30.8k	0
2026-08-20T22:25:40Z	fcstor006	/data1/04	serial	fio	rr-128k	5113.0	40.9k	0
2026-08-20T22:25:40Z	fcstor006	/data1/04	serial	fio	rw-4k	2401.0	615k	0
2026-08-20T22:25:40Z	fcstor006	/data1/04	serial	fio	rr-4k	329.0	84.2k	0
2026-08-20T22:27:52Z	fcstor006	/data1/05	serial	dd	seq1m.write	981.0	-	0
2026-08-20T22:27:52Z	fcstor006	/data1/05	serial	dd	seq1m.read	3276.8	-	0
2026-08-20T22:27:52Z	fcstor006	/data1/05	serial	dd	seq1m_cached.write	2355.2	-	0
2026-08-20T22:27:52Z	fcstor006	/data1/05	serial	dd	seq1m_cached.read	11161.6	-	0
2026-08-20T22:27:52Z	fcstor006	/data1/05	serial	fio	warmup-sw	3846.0	-	0
2026-08-20T22:27:52Z	fcstor006	/data1/05	serial	fio	sw-1m	3553.0	3552	0
2026-08-20T22:27:52Z	fcstor006	/data1/05	serial	fio	ow-1m	3568.0	3567	0
2026-08-20T22:27:52Z	fcstor006	/data1/05	serial	fio	sr-1m	3611.0	3611	0
2026-08-20T22:27:52Z	fcstor006	/data1/05	serial	fio	rw-1m	2359.0	2358	0
2026-08-20T22:27:52Z	fcstor006	/data1/05	serial	fio	rr-1m	3831.0	3830	0
2026-08-20T22:27:52Z	fcstor006	/data1/05	serial	fio	rw-128k	2248.0	18.0k	0
2026-08-20T22:27:52Z	fcstor006	/data1/05	serial	fio	rr-128k	4504.0	36.0k	0
2026-08-20T22:27:52Z	fcstor006	/data1/05	serial	fio	rw-4k	2422.0	620k	0
2026-08-20T22:27:52Z	fcstor006	/data1/05	serial	fio	rr-4k	332.0	84.9k	0
2026-08-20T22:30:07Z	fcstor006	/data1/06	serial	dd	seq1m.write	2662.4	-	0
2026-08-20T22:30:07Z	fcstor006	/data1/06	serial	dd	seq1m.read	2662.4	-	0
2026-08-20T22:30:07Z	fcstor006	/data1/06	serial	dd	seq1m_cached.write	2355.2	-	0
2026-08-20T22:30:07Z	fcstor006	/data1/06	serial	dd	seq1m_cached.read	11264.0	-	0
2026-08-20T22:30:07Z	fcstor006	/data1/06	serial	fio	warmup-sw	3156.0	-	0
2026-08-20T22:30:07Z	fcstor006	/data1/06	serial	fio	sw-1m	3152.0	3152	0
2026-08-20T22:30:07Z	fcstor006	/data1/06	serial	fio	ow-1m	3100.0	3099	0
2026-08-20T22:30:07Z	fcstor006	/data1/06	serial	fio	sr-1m	3240.0	3240	0
2026-08-20T22:30:07Z	fcstor006	/data1/06	serial	fio	rw-1m	2971.0	2971	0
2026-08-20T22:30:07Z	fcstor006	/data1/06	serial	fio	rr-1m	3201.0	3200	0
2026-08-20T22:30:07Z	fcstor006	/data1/06	serial	fio	rw-128k	2879.0	23.0k	0
2026-08-20T22:30:07Z	fcstor006	/data1/06	serial	fio	rr-128k	3381.0	27.0k	0
2026-08-20T22:30:07Z	fcstor006	/data1/06	serial	fio	rw-4k	2386.0	611k	0
2026-08-20T22:30:07Z	fcstor006	/data1/06	serial	fio	rr-4k	329.0	84.1k	0
2026-08-20T22:32:20Z	fcstor006	/data1/04	parallel	dd	seq1m.write	4198.4	-	0
2026-08-20T22:32:20Z	fcstor006	/data1/04	parallel	dd	seq1m.read	3276.8	-	0
2026-08-20T22:32:20Z	fcstor006	/data1/04	parallel	dd	seq1m_cached.write	2252.8	-	0
2026-08-20T22:32:20Z	fcstor006	/data1/04	parallel	dd	seq1m_cached.read	10649.6	-	0
2026-08-20T22:32:20Z	fcstor006	/data1/04	parallel	fio	warmup-sw	3846.0	-	0
2026-08-20T22:32:20Z	fcstor006	/data1/04	parallel	fio	sw-1m	3827.0	3826	0
2026-08-20T22:32:20Z	fcstor006	/data1/04	parallel	fio	ow-1m	3723.0	3722	0
2026-08-20T22:32:20Z	fcstor006	/data1/04	parallel	fio	sr-1m	3567.0	3566	0
2026-08-20T22:32:20Z	fcstor006	/data1/04	parallel	fio	rw-1m	3599.0	3598	0
2026-08-20T22:32:20Z	fcstor006	/data1/04	parallel	fio	rr-1m	3863.0	3863	0
2026-08-20T22:32:20Z	fcstor006	/data1/04	parallel	fio	rw-128k	3851.0	30.8k	0
2026-08-20T22:32:20Z	fcstor006	/data1/04	parallel	fio	rr-128k	5102.0	40.8k	0
2026-08-20T22:32:20Z	fcstor006	/data1/04	parallel	fio	rw-4k	2116.0	542k	0
2026-08-20T22:32:20Z	fcstor006	/data1/04	parallel	fio	rr-4k	325.0	83.2k	0
2026-08-20T22:32:20Z	fcstor006	/data1/02	parallel	dd	seq1m.write	4096.0	-	0
2026-08-20T22:32:20Z	fcstor006	/data1/02	parallel	dd	seq1m.read	3276.8	-	0
2026-08-20T22:32:20Z	fcstor006	/data1/02	parallel	dd	seq1m_cached.write	2355.2	-	0
2026-08-20T22:32:20Z	fcstor006	/data1/02	parallel	dd	seq1m_cached.read	10752.0	-	0
2026-08-20T22:32:20Z	fcstor006	/data1/02	parallel	fio	warmup-sw	3850.0	-	0
2026-08-20T22:32:20Z	fcstor006	/data1/02	parallel	fio	sw-1m	3855.0	3855	0
2026-08-20T22:32:20Z	fcstor006	/data1/02	parallel	fio	ow-1m	3856.0	3855	0
2026-08-20T22:32:20Z	fcstor006	/data1/02	parallel	fio	sr-1m	3843.0	3842	0
2026-08-20T22:32:20Z	fcstor006	/data1/02	parallel	fio	rw-1m	3849.0	3848	0
2026-08-20T22:32:20Z	fcstor006	/data1/02	parallel	fio	rr-1m	3762.0	3761	0
2026-08-20T22:32:20Z	fcstor006	/data1/02	parallel	fio	rw-128k	3430.0	27.4k	0
2026-08-20T22:32:20Z	fcstor006	/data1/02	parallel	fio	rr-128k	5080.0	40.6k	0
2026-08-20T22:32:20Z	fcstor006	/data1/02	parallel	fio	rw-4k	2198.0	563k	0
2026-08-20T22:32:20Z	fcstor006	/data1/02	parallel	fio	rr-4k	329.0	84.1k	0
2026-08-20T22:32:20Z	fcstor006	/data1/01	parallel	dd	seq1m.write	3686.4	-	0
2026-08-20T22:32:20Z	fcstor006	/data1/01	parallel	dd	seq1m.read	2662.4	-	0
2026-08-20T22:32:20Z	fcstor006	/data1/01	parallel	dd	seq1m_cached.write	2252.8	-	0
2026-08-20T22:32:20Z	fcstor006	/data1/01	parallel	dd	seq1m_cached.read	12083.2	-	0
2026-08-20T22:32:20Z	fcstor006	/data1/01	parallel	fio	warmup-sw	3516.0	-	0
2026-08-20T22:32:20Z	fcstor006	/data1/01	parallel	fio	sw-1m	3677.0	3676	0
2026-08-20T22:32:20Z	fcstor006	/data1/01	parallel	fio	ow-1m	3582.0	3582	0
2026-08-20T22:32:20Z	fcstor006	/data1/01	parallel	fio	sr-1m	4416.0	4416	0
2026-08-20T22:32:20Z	fcstor006	/data1/01	parallel	fio	rw-1m	3820.0	3819	0
2026-08-20T22:32:20Z	fcstor006	/data1/01	parallel	fio	rr-1m	4526.0	4526	0
2026-08-20T22:32:20Z	fcstor006	/data1/01	parallel	fio	rw-128k	3851.0	30.8k	0
2026-08-20T22:32:20Z	fcstor006	/data1/01	parallel	fio	rr-128k	4979.0	39.8k	0
2026-08-20T22:32:20Z	fcstor006	/data1/01	parallel	fio	rw-4k	2160.0	553k	0
2026-08-20T22:32:20Z	fcstor006	/data1/01	parallel	fio	rr-4k	328.0	84.1k	0
2026-08-20T22:32:20Z	fcstor006	/data1/05	parallel	dd	seq1m.write	3686.4	-	0
2026-08-20T22:32:20Z	fcstor006	/data1/05	parallel	dd	seq1m.read	2764.8	-	0
2026-08-20T22:32:20Z	fcstor006	/data1/05	parallel	dd	seq1m_cached.write	2252.8	-	0
2026-08-20T22:32:20Z	fcstor006	/data1/05	parallel	dd	seq1m_cached.read	11878.4	-	0
2026-08-20T22:32:20Z	fcstor006	/data1/05	parallel	fio	warmup-sw	3399.0	-	0
2026-08-20T22:32:20Z	fcstor006	/data1/05	parallel	fio	sw-1m	1632.0	1631	0
2026-08-20T22:32:20Z	fcstor006	/data1/05	parallel	fio	ow-1m	2785.0	2785	0
2026-08-20T22:32:20Z	fcstor006	/data1/05	parallel	fio	sr-1m	3974.0	3974	0
2026-08-20T22:32:20Z	fcstor006	/data1/05	parallel	fio	rw-1m	741.0	741	0
2026-08-20T22:32:20Z	fcstor006	/data1/05	parallel	fio	rr-1m	3710.0	3710	0
2026-08-20T22:32:20Z	fcstor006	/data1/05	parallel	fio	rw-128k	1158.0	9265	0
2026-08-20T22:32:20Z	fcstor006	/data1/05	parallel	fio	rr-128k	5019.0	40.1k	0
2026-08-20T22:32:20Z	fcstor006	/data1/05	parallel	fio	rw-4k	1039.0	266k	0
2026-08-20T22:32:20Z	fcstor006	/data1/05	parallel	fio	rr-4k	329.0	84.2k	0
2026-08-20T22:32:20Z	fcstor006	/data1/06	parallel	dd	seq1m.write	2560.0	-	0
2026-08-20T22:32:20Z	fcstor006	/data1/06	parallel	dd	seq1m.read	2764.8	-	0
2026-08-20T22:32:20Z	fcstor006	/data1/06	parallel	dd	seq1m_cached.write	2355.2	-	0
2026-08-20T22:32:20Z	fcstor006	/data1/06	parallel	dd	seq1m_cached.read	10342.4	-	0
2026-08-20T22:32:20Z	fcstor006	/data1/06	parallel	fio	warmup-sw	3153.0	-	0
2026-08-20T22:32:20Z	fcstor006	/data1/06	parallel	fio	sw-1m	3092.0	3092	0
2026-08-20T22:32:20Z	fcstor006	/data1/06	parallel	fio	ow-1m	3149.0	3148	0
2026-08-20T22:32:20Z	fcstor006	/data1/06	parallel	fio	sr-1m	3262.0	3262	0
2026-08-20T22:32:20Z	fcstor006	/data1/06	parallel	fio	rw-1m	3151.0	3150	0
2026-08-20T22:32:20Z	fcstor006	/data1/06	parallel	fio	rr-1m	3122.0	3121	0
2026-08-20T22:32:20Z	fcstor006	/data1/06	parallel	fio	rw-128k	3012.0	24.1k	0
2026-08-20T22:32:20Z	fcstor006	/data1/06	parallel	fio	rr-128k	3388.0	27.1k	0
2026-08-20T22:32:20Z	fcstor006	/data1/06	parallel	fio	rw-4k	2095.0	536k	0
2026-08-20T22:32:20Z	fcstor006	/data1/06	parallel	fio	rr-4k	326.0	83.5k	0
2026-08-20T22:32:20Z	fcstor006	/data1/03	parallel	dd	seq1m.write	680.0	-	0
2026-08-20T22:32:20Z	fcstor006	/data1/03	parallel	dd	seq1m.read	2662.4	-	0
2026-08-20T22:32:20Z	fcstor006	/data1/03	parallel	dd	seq1m_cached.write	2355.2	-	0
2026-08-20T22:32:20Z	fcstor006	/data1/03	parallel	dd	seq1m_cached.read	10854.4	-	0
2026-08-20T22:32:20Z	fcstor006	/data1/03	parallel	fio	warmup-sw	3504.0	-	0
2026-08-20T22:32:20Z	fcstor006	/data1/03	parallel	fio	sw-1m	1174.0	1173	0
2026-08-20T22:32:20Z	fcstor006	/data1/03	parallel	fio	ow-1m	3567.0	3566	0
2026-08-20T22:32:20Z	fcstor006	/data1/03	parallel	fio	sr-1m	3968.0	3967	0
2026-08-20T22:32:20Z	fcstor006	/data1/03	parallel	fio	rw-1m	2481.0	2480	0
2026-08-20T22:32:20Z	fcstor006	/data1/03	parallel	fio	rr-1m	3836.0	3835	0
2026-08-20T22:32:20Z	fcstor006	/data1/03	parallel	fio	rw-128k	1339.0	10.7k	0
2026-08-20T22:32:20Z	fcstor006	/data1/03	parallel	fio	rr-128k	5088.0	40.7k	0
2026-08-20T22:32:20Z	fcstor006	/data1/03	parallel	fio	rw-4k	1578.0	404k	0
2026-08-20T22:32:20Z	fcstor006	/data1/03	parallel	fio	rr-4k	330.0	84.4k	0
PERF_LOCAL_NVME_DONE host=fcstor006 mode=full layout=both 2026-08-20T18:34:35-04:00
