run_id	host	path	layout	suite	test	bw_mib_s	iops	rc
20260820-221902	fcstor003	/data1/01	serial	dd	seq1m.write	4096.0	-	0
20260820-221902	fcstor003	/data1/01	serial	dd	seq1m.read	3276.8	-	0
20260820-221902	fcstor003	/data1/01	serial	dd	seq1m_cached.write	2457.6	-	0
20260820-221902	fcstor003	/data1/01	serial	dd	seq1m_cached.read	11878.4	-	0
20260820-221902	fcstor003	/data1/01	serial	fio	warmup-sw	3850.0	-	0
20260820-221902	fcstor003	/data1/01	serial	fio	sw-1m	3760.0	3759	0
20260820-221902	fcstor003	/data1/01	serial	fio	ow-1m	3556.0	3555	0
20260820-221902	fcstor003	/data1/01	serial	fio	sr-1m	3915.0	3914	0
20260820-221902	fcstor003	/data1/01	serial	fio	rw-1m	3853.0	3853	0
20260820-221902	fcstor003	/data1/01	serial	fio	rr-1m	3820.0	3820	0
20260820-221902	fcstor003	/data1/01	serial	fio	rw-128k	3788.0	30.3k	0
20260820-221902	fcstor003	/data1/01	serial	fio	rr-128k	4910.0	39.3k	0
20260820-221902	fcstor003	/data1/01	serial	fio	rw-4k	2444.0	626k	0
20260820-221902	fcstor003	/data1/01	serial	fio	rr-4k	322.0	82.4k	0
20260820-221902	fcstor003	/data1/02	serial	dd	seq1m.write	4198.4	-	0
20260820-221902	fcstor003	/data1/02	serial	dd	seq1m.read	3174.4	-	0
20260820-221902	fcstor003	/data1/02	serial	dd	seq1m_cached.write	2457.6	-	0
20260820-221902	fcstor003	/data1/02	serial	dd	seq1m_cached.read	11264.0	-	0
20260820-221902	fcstor003	/data1/02	serial	fio	warmup-sw	3871.0	-	0
20260820-221902	fcstor003	/data1/02	serial	fio	sw-1m	3867.0	3867	0
20260820-221902	fcstor003	/data1/02	serial	fio	ow-1m	3741.0	3741	0
20260820-221902	fcstor003	/data1/02	serial	fio	sr-1m	3607.0	3606	0
20260820-221902	fcstor003	/data1/02	serial	fio	rw-1m	3591.0	3591	0
20260820-221902	fcstor003	/data1/02	serial	fio	rr-1m	3524.0	3523	0
20260820-221902	fcstor003	/data1/02	serial	fio	rw-128k	3410.0	27.3k	0
20260820-221902	fcstor003	/data1/02	serial	fio	rr-128k	4444.0	35.6k	0
20260820-221902	fcstor003	/data1/02	serial	fio	rw-4k	2468.0	632k	0
20260820-221902	fcstor003	/data1/02	serial	fio	rr-4k	331.0	84.6k	0
20260820-221902	fcstor003	/data1/03	serial	dd	seq1m.write	3788.8	-	0
20260820-221902	fcstor003	/data1/03	serial	dd	seq1m.read	2764.8	-	0
20260820-221902	fcstor003	/data1/03	serial	dd	seq1m_cached.write	2457.6	-	0
20260820-221902	fcstor003	/data1/03	serial	dd	seq1m_cached.read	11878.4	-	0
20260820-221902	fcstor003	/data1/03	serial	fio	warmup-sw	3559.0	-	0
20260820-221902	fcstor003	/data1/03	serial	fio	sw-1m	3537.0	3536	0
20260820-221902	fcstor003	/data1/03	serial	fio	ow-1m	3858.0	3857	0
20260820-221902	fcstor003	/data1/03	serial	fio	sr-1m	3902.0	3902	0
20260820-221902	fcstor003	/data1/03	serial	fio	rw-1m	3853.0	3853	0
20260820-221902	fcstor003	/data1/03	serial	fio	rr-1m	3839.0	3838	0
20260820-221902	fcstor003	/data1/03	serial	fio	rw-128k	3850.0	30.8k	0
20260820-221902	fcstor003	/data1/03	serial	fio	rr-128k	5123.0	41.0k	0
20260820-221902	fcstor003	/data1/03	serial	fio	rw-4k	2461.0	630k	0
20260820-221902	fcstor003	/data1/03	serial	fio	rr-4k	332.0	84.9k	0
20260820-221902	fcstor003	/data1/04	serial	dd	seq1m.write	3891.2	-	0
20260820-221902	fcstor003	/data1/04	serial	dd	seq1m.read	2867.2	-	0
20260820-221902	fcstor003	/data1/04	serial	dd	seq1m_cached.write	2355.2	-	0
20260820-221902	fcstor003	/data1/04	serial	dd	seq1m_cached.read	11264.0	-	0
20260820-221902	fcstor003	/data1/04	serial	fio	warmup-sw	3580.0	-	0
20260820-221902	fcstor003	/data1/04	serial	fio	sw-1m	3697.0	3697	0
20260820-221902	fcstor003	/data1/04	serial	fio	ow-1m	3750.0	3749	0
20260820-221902	fcstor003	/data1/04	serial	fio	sr-1m	3887.0	3887	0
20260820-221902	fcstor003	/data1/04	serial	fio	rw-1m	3804.0	3804	0
20260820-221902	fcstor003	/data1/04	serial	fio	rr-1m	3839.0	3838	0
20260820-221902	fcstor003	/data1/04	serial	fio	rw-128k	3869.0	30.9k	0
20260820-221902	fcstor003	/data1/04	serial	fio	rr-128k	5137.0	41.1k	0
20260820-221902	fcstor003	/data1/04	serial	fio	rw-4k	2456.0	629k	0
20260820-221902	fcstor003	/data1/04	serial	fio	rr-4k	332.0	84.9k	0
20260820-221902	fcstor003	/data1/05	serial	dd	seq1m.write	2560.0	-	0
20260820-221902	fcstor003	/data1/05	serial	dd	seq1m.read	2457.6	-	0
20260820-221902	fcstor003	/data1/05	serial	dd	seq1m_cached.write	2355.2	-	0
20260820-221902	fcstor003	/data1/05	serial	dd	seq1m_cached.read	11366.4	-	0
20260820-221902	fcstor003	/data1/05	serial	fio	warmup-sw	2964.0	-	0
20260820-221902	fcstor003	/data1/05	serial	fio	sw-1m	2990.0	2989	0
20260820-221902	fcstor003	/data1/05	serial	fio	ow-1m	3160.0	3159	0
20260820-221902	fcstor003	/data1/05	serial	fio	sr-1m	2907.0	2906	0
20260820-221902	fcstor003	/data1/05	serial	fio	rw-1m	3099.0	3099	0
20260820-221902	fcstor003	/data1/05	serial	fio	rr-1m	2858.0	2858	0
20260820-221902	fcstor003	/data1/05	serial	fio	rw-128k	3149.0	25.2k	0
20260820-221902	fcstor003	/data1/05	serial	fio	rr-128k	3428.0	27.4k	0
20260820-221902	fcstor003	/data1/05	serial	fio	rw-4k	2412.0	617k	0
20260820-221902	fcstor003	/data1/05	serial	fio	rr-4k	329.0	84.2k	0
20260820-221902	fcstor003	/data1/06	serial	dd	seq1m.write	2457.6	-	0
20260820-221902	fcstor003	/data1/06	serial	dd	seq1m.read	2560.0	-	0
20260820-221902	fcstor003	/data1/06	serial	dd	seq1m_cached.write	2355.2	-	0
20260820-221902	fcstor003	/data1/06	serial	dd	seq1m_cached.read	11264.0	-	0
20260820-221902	fcstor003	/data1/06	serial	fio	warmup-sw	2907.0	-	0
20260820-221902	fcstor003	/data1/06	serial	fio	sw-1m	3116.0	3116	0
20260820-221902	fcstor003	/data1/06	serial	fio	ow-1m	3152.0	3152	0
20260820-221902	fcstor003	/data1/06	serial	fio	sr-1m	3230.0	3230	0
20260820-221902	fcstor003	/data1/06	serial	fio	rw-1m	2910.0	2910	0
20260820-221902	fcstor003	/data1/06	serial	fio	rr-1m	3062.0	3062	0
20260820-221902	fcstor003	/data1/06	serial	fio	rw-128k	3150.0	25.2k	0
20260820-221902	fcstor003	/data1/06	serial	fio	rr-128k	3428.0	27.4k	0
20260820-221902	fcstor003	/data1/06	serial	fio	rw-4k	2414.0	618k	0
20260820-221902	fcstor003	/data1/06	serial	fio	rr-4k	329.0	84.2k	0
20260820-221902	fcstor003	/data1/04	parallel	dd	seq1m.write	4198.4	-	0
20260820-221902	fcstor003	/data1/04	parallel	dd	seq1m.read	3174.4	-	0
20260820-221902	fcstor003	/data1/04	parallel	dd	seq1m_cached.write	2252.8	-	0
20260820-221902	fcstor003	/data1/04	parallel	dd	seq1m_cached.read	11468.8	-	0
20260820-221902	fcstor003	/data1/04	parallel	fio	warmup-sw	3868.0	-	0
20260820-221902	fcstor003	/data1/04	parallel	fio	sw-1m	3761.0	3761	0
20260820-221902	fcstor003	/data1/04	parallel	fio	ow-1m	3637.0	3637	0
20260820-221902	fcstor003	/data1/04	parallel	fio	sr-1m	3889.0	3889	0
20260820-221902	fcstor003	/data1/04	parallel	fio	rw-1m	3856.0	3856	0
20260820-221902	fcstor003	/data1/04	parallel	fio	rr-1m	4013.0	4012	0
20260820-221902	fcstor003	/data1/04	parallel	fio	rw-128k	3856.0	30.8k	0
20260820-221902	fcstor003	/data1/04	parallel	fio	rr-128k	5107.0	40.9k	0
20260820-221902	fcstor003	/data1/04	parallel	fio	rw-4k	2097.0	537k	0
20260820-221902	fcstor003	/data1/04	parallel	fio	rr-4k	327.0	83.7k	0
20260820-221902	fcstor003	/data1/01	parallel	dd	seq1m.write	4096.0	-	0
20260820-221902	fcstor003	/data1/01	parallel	dd	seq1m.read	3276.8	-	0
20260820-221902	fcstor003	/data1/01	parallel	dd	seq1m_cached.write	2355.2	-	0
20260820-221902	fcstor003	/data1/01	parallel	dd	seq1m_cached.read	10137.6	-	0
20260820-221902	fcstor003	/data1/01	parallel	fio	warmup-sw	3850.0	-	0
20260820-221902	fcstor003	/data1/01	parallel	fio	sw-1m	3852.0	3852	0
20260820-221902	fcstor003	/data1/01	parallel	fio	ow-1m	3857.0	3856	0
20260820-221902	fcstor003	/data1/01	parallel	fio	sr-1m	3676.0	3676	0
20260820-221902	fcstor003	/data1/01	parallel	fio	rw-1m	3752.0	3751	0
20260820-221902	fcstor003	/data1/01	parallel	fio	rr-1m	3512.0	3512	0
20260820-221902	fcstor003	/data1/01	parallel	fio	rw-128k	3867.0	30.9k	0
20260820-221902	fcstor003	/data1/01	parallel	fio	rr-128k	5122.0	41.0k	0
20260820-221902	fcstor003	/data1/01	parallel	fio	rw-4k	2128.0	545k	0
20260820-221902	fcstor003	/data1/01	parallel	fio	rr-4k	329.0	84.2k	0
20260820-221902	fcstor003	/data1/02	parallel	dd	seq1m.write	4198.4	-	0
20260820-221902	fcstor003	/data1/02	parallel	dd	seq1m.read	3276.8	-	0
20260820-221902	fcstor003	/data1/02	parallel	dd	seq1m_cached.write	2252.8	-	0
20260820-221902	fcstor003	/data1/02	parallel	dd	seq1m_cached.read	9932.8	-	0
20260820-221902	fcstor003	/data1/02	parallel	fio	warmup-sw	3850.0	-	0
20260820-221902	fcstor003	/data1/02	parallel	fio	sw-1m	3775.0	3775	0
20260820-221902	fcstor003	/data1/02	parallel	fio	ow-1m	3857.0	3856	0
20260820-221902	fcstor003	/data1/02	parallel	fio	sr-1m	3963.0	3963	0
20260820-221902	fcstor003	/data1/02	parallel	fio	rw-1m	3855.0	3855	0
20260820-221902	fcstor003	/data1/02	parallel	fio	rr-1m	4026.0	4025	0
20260820-221902	fcstor003	/data1/02	parallel	fio	rw-128k	3852.0	30.8k	0
20260820-221902	fcstor003	/data1/02	parallel	fio	rr-128k	5067.0	40.5k	0
20260820-221902	fcstor003	/data1/02	parallel	fio	rw-4k	2000.0	512k	0
20260820-221902	fcstor003	/data1/02	parallel	fio	rr-4k	327.0	83.7k	0
20260820-221902	fcstor003	/data1/03	parallel	dd	seq1m.write	3788.8	-	0
20260820-221902	fcstor003	/data1/03	parallel	dd	seq1m.read	2764.8	-	0
20260820-221902	fcstor003	/data1/03	parallel	dd	seq1m_cached.write	2252.8	-	0
20260820-221902	fcstor003	/data1/03	parallel	dd	seq1m_cached.read	11776.0	-	0
20260820-221902	fcstor003	/data1/03	parallel	fio	warmup-sw	3609.0	-	0
20260820-221902	fcstor003	/data1/03	parallel	fio	sw-1m	3753.0	3753	0
20260820-221902	fcstor003	/data1/03	parallel	fio	ow-1m	3645.0	3645	0
20260820-221902	fcstor003	/data1/03	parallel	fio	sr-1m	3532.0	3532	0
20260820-221902	fcstor003	/data1/03	parallel	fio	rw-1m	3870.0	3869	0
20260820-221902	fcstor003	/data1/03	parallel	fio	rr-1m	4281.0	4281	0
20260820-221902	fcstor003	/data1/03	parallel	fio	rw-128k	3870.0	31.0k	0
20260820-221902	fcstor003	/data1/03	parallel	fio	rr-128k	4976.0	39.8k	0
20260820-221902	fcstor003	/data1/03	parallel	fio	rw-4k	2095.0	536k	0
20260820-221902	fcstor003	/data1/03	parallel	fio	rr-4k	330.0	84.4k	0
20260820-221902	fcstor003	/data1/06	parallel	dd	seq1m.write	2662.4	-	0
20260820-221902	fcstor003	/data1/06	parallel	dd	seq1m.read	2662.4	-	0
20260820-221902	fcstor003	/data1/06	parallel	dd	seq1m_cached.write	2252.8	-	0
20260820-221902	fcstor003	/data1/06	parallel	dd	seq1m_cached.read	10137.6	-	0
20260820-221902	fcstor003	/data1/06	parallel	fio	warmup-sw	3148.0	-	0
20260820-221902	fcstor003	/data1/06	parallel	fio	sw-1m	3081.0	3080	0
20260820-221902	fcstor003	/data1/06	parallel	fio	ow-1m	3032.0	3032	0
20260820-221902	fcstor003	/data1/06	parallel	fio	sr-1m	3114.0	3114	0
20260820-221902	fcstor003	/data1/06	parallel	fio	rw-1m	3152.0	3152	0
20260820-221902	fcstor003	/data1/06	parallel	fio	rr-1m	3192.0	3192	0
20260820-221902	fcstor003	/data1/06	parallel	fio	rw-128k	2947.0	23.6k	0
20260820-221902	fcstor003	/data1/06	parallel	fio	rr-128k	3367.0	26.9k	0
20260820-221902	fcstor003	/data1/06	parallel	fio	rw-4k	2057.0	527k	0
20260820-221902	fcstor003	/data1/06	parallel	fio	rr-4k	323.0	82.7k	0
20260820-221902	fcstor003	/data1/05	parallel	dd	seq1m.write	2560.0	-	0
20260820-221902	fcstor003	/data1/05	parallel	dd	seq1m.read	2764.8	-	0
20260820-221902	fcstor003	/data1/05	parallel	dd	seq1m_cached.write	2252.8	-	0
20260820-221902	fcstor003	/data1/05	parallel	dd	seq1m_cached.read	10752.0	-	0
20260820-221902	fcstor003	/data1/05	parallel	fio	warmup-sw	3148.0	-	0
20260820-221902	fcstor003	/data1/05	parallel	fio	sw-1m	3153.0	3152	0
20260820-221902	fcstor003	/data1/05	parallel	fio	ow-1m	3085.0	3085	0
20260820-221902	fcstor003	/data1/05	parallel	fio	sr-1m	3217.0	3217	0
20260820-221902	fcstor003	/data1/05	parallel	fio	rw-1m	3094.0	3094	0
20260820-221902	fcstor003	/data1/05	parallel	fio	rr-1m	3175.0	3175	0
20260820-221902	fcstor003	/data1/05	parallel	fio	rw-128k	3146.0	25.2k	0
20260820-221902	fcstor003	/data1/05	parallel	fio	rr-128k	3428.0	27.4k	0
20260820-221902	fcstor003	/data1/05	parallel	fio	rw-4k	2025.0	518k	0
20260820-221902	fcstor003	/data1/05	parallel	fio	rr-4k	321.0	82.2k	0
20260820-221902	fcstor004	/data1/01	serial	dd	seq1m.write	4096.0	-	0
20260820-221902	fcstor004	/data1/01	serial	dd	seq1m.read	3276.8	-	0
20260820-221902	fcstor004	/data1/01	serial	dd	seq1m_cached.write	2355.2	-	0
20260820-221902	fcstor004	/data1/01	serial	dd	seq1m_cached.read	11059.2	-	0
20260820-221902	fcstor004	/data1/01	serial	fio	warmup-sw	3850.0	-	0
20260820-221902	fcstor004	/data1/01	serial	fio	sw-1m	642.0	642	0
20260820-221902	fcstor004	/data1/01	serial	fio	ow-1m	644.0	643	0
20260820-221902	fcstor004	/data1/01	serial	fio	sr-1m	3699.0	3698	0
20260820-221902	fcstor004	/data1/01	serial	fio	rw-1m	3532.0	3531	0
20260820-221902	fcstor004	/data1/01	serial	fio	rr-1m	3809.0	3809	0
20260820-221902	fcstor004	/data1/01	serial	fio	rw-128k	3381.0	27.0k	0
20260820-221902	fcstor004	/data1/01	serial	fio	rr-128k	5120.0	41.0k	0
20260820-221902	fcstor004	/data1/01	serial	fio	rw-4k	2446.0	626k	0
20260820-221902	fcstor004	/data1/01	serial	fio	rr-4k	324.0	83.1k	0
20260820-221902	fcstor004	/data1/02	serial	dd	seq1m.write	4096.0	-	0
20260820-221902	fcstor004	/data1/02	serial	dd	seq1m.read	3276.8	-	0
20260820-221902	fcstor004	/data1/02	serial	dd	seq1m_cached.write	2355.2	-	0
20260820-221902	fcstor004	/data1/02	serial	dd	seq1m_cached.read	11059.2	-	0
20260820-221902	fcstor004	/data1/02	serial	fio	warmup-sw	3850.0	-	0
20260820-221902	fcstor004	/data1/02	serial	fio	sw-1m	3851.0	3851	0
20260820-221902	fcstor004	/data1/02	serial	fio	ow-1m	3856.0	3856	0
20260820-221902	fcstor004	/data1/02	serial	fio	sr-1m	4114.0	4113	0
20260820-221902	fcstor004	/data1/02	serial	fio	rw-1m	3789.0	3789	0
20260820-221902	fcstor004	/data1/02	serial	fio	rr-1m	4007.0	4007	0
20260820-221902	fcstor004	/data1/02	serial	fio	rw-128k	3852.0	30.8k	0
20260820-221902	fcstor004	/data1/02	serial	fio	rr-128k	5089.0	40.7k	0
20260820-221902	fcstor004	/data1/02	serial	fio	rw-4k	2421.0	620k	0
20260820-221902	fcstor004	/data1/02	serial	fio	rr-4k	330.0	84.4k	0
20260820-221902	fcstor004	/data1/03	serial	dd	seq1m.write	4096.0	-	0
20260820-221902	fcstor004	/data1/03	serial	dd	seq1m.read	3379.2	-	0
20260820-221902	fcstor004	/data1/03	serial	dd	seq1m_cached.write	2355.2	-	0
20260820-221902	fcstor004	/data1/03	serial	dd	seq1m_cached.read	11571.2	-	0
20260820-221902	fcstor004	/data1/03	serial	fio	warmup-sw	3850.0	-	0
20260820-221902	fcstor004	/data1/03	serial	fio	sw-1m	3849.0	3849	0
20260820-221902	fcstor004	/data1/03	serial	fio	ow-1m	3540.0	3540	0
20260820-221902	fcstor004	/data1/03	serial	fio	sr-1m	3570.0	3569	0
20260820-221902	fcstor004	/data1/03	serial	fio	rw-1m	3856.0	3856	0
20260820-221902	fcstor004	/data1/03	serial	fio	rr-1m	3680.0	3679	0
20260820-221902	fcstor004	/data1/03	serial	fio	rw-128k	3427.0	27.4k	0
20260820-221902	fcstor004	/data1/03	serial	fio	rr-128k	5125.0	41.0k	0
20260820-221902	fcstor004	/data1/03	serial	fio	rw-4k	2417.0	619k	0
20260820-221902	fcstor004	/data1/03	serial	fio	rr-4k	331.0	84.7k	0
20260820-221902	fcstor004	/data1/04	serial	dd	seq1m.write	4096.0	-	0
20260820-221902	fcstor004	/data1/04	serial	dd	seq1m.read	3379.2	-	0
20260820-221902	fcstor004	/data1/04	serial	dd	seq1m_cached.write	2355.2	-	0
20260820-221902	fcstor004	/data1/04	serial	dd	seq1m_cached.read	10956.8	-	0
20260820-221902	fcstor004	/data1/04	serial	fio	warmup-sw	3864.0	-	0
20260820-221902	fcstor004	/data1/04	serial	fio	sw-1m	3869.0	3869	0
20260820-221902	fcstor004	/data1/04	serial	fio	ow-1m	3628.0	3628	0
20260820-221902	fcstor004	/data1/04	serial	fio	sr-1m	5581.0	5581	0
20260820-221902	fcstor004	/data1/04	serial	fio	rw-1m	3758.0	3758	0
20260820-221902	fcstor004	/data1/04	serial	fio	rr-1m	5181.0	5181	0
20260820-221902	fcstor004	/data1/04	serial	fio	rw-128k	3470.0	27.8k	0
20260820-221902	fcstor004	/data1/04	serial	fio	rr-128k	5077.0	40.6k	0
20260820-221902	fcstor004	/data1/04	serial	fio	rw-4k	2443.0	626k	0
20260820-221902	fcstor004	/data1/04	serial	fio	rr-4k	324.0	83.0k	0
20260820-221902	fcstor004	/data1/05	serial	dd	seq1m.write	2662.4	-	0
20260820-221902	fcstor004	/data1/05	serial	dd	seq1m.read	2764.8	-	0
20260820-221902	fcstor004	/data1/05	serial	dd	seq1m_cached.write	2252.8	-	0
20260820-221902	fcstor004	/data1/05	serial	dd	seq1m_cached.read	9932.8	-	0
20260820-221902	fcstor004	/data1/05	serial	fio	warmup-sw	3168.0	-	0
20260820-221902	fcstor004	/data1/05	serial	fio	sw-1m	3132.0	3132	0
20260820-221902	fcstor004	/data1/05	serial	fio	ow-1m	2945.0	2945	0
20260820-221902	fcstor004	/data1/05	serial	fio	sr-1m	3253.0	3252	0
20260820-221902	fcstor004	/data1/05	serial	fio	rw-1m	3115.0	3115	0
20260820-221902	fcstor004	/data1/05	serial	fio	rr-1m	3111.0	3111	0
20260820-221902	fcstor004	/data1/05	serial	fio	rw-128k	3002.0	24.0k	0
20260820-221902	fcstor004	/data1/05	serial	fio	rr-128k	3424.0	27.4k	0
20260820-221902	fcstor004	/data1/05	serial	fio	rw-4k	2398.0	614k	0
20260820-221902	fcstor004	/data1/05	serial	fio	rr-4k	329.0	84.2k	0
20260820-221902	fcstor004	/data1/06	serial	dd	seq1m.write	2662.4	-	0
20260820-221902	fcstor004	/data1/06	serial	dd	seq1m.read	2560.0	-	0
20260820-221902	fcstor004	/data1/06	serial	dd	seq1m_cached.write	2355.2	-	0
20260820-221902	fcstor004	/data1/06	serial	dd	seq1m_cached.read	11468.8	-	0
20260820-221902	fcstor004	/data1/06	serial	fio	warmup-sw	3158.0	-	0
20260820-221902	fcstor004	/data1/06	serial	fio	sw-1m	3002.0	3002	0
20260820-221902	fcstor004	/data1/06	serial	fio	ow-1m	3101.0	3101	0
20260820-221902	fcstor004	/data1/06	serial	fio	sr-1m	3200.0	3200	0
20260820-221902	fcstor004	/data1/06	serial	fio	rw-1m	3150.0	3150	0
20260820-221902	fcstor004	/data1/06	serial	fio	rr-1m	2861.0	2860	0
20260820-221902	fcstor004	/data1/06	serial	fio	rw-128k	2966.0	23.7k	0
20260820-221902	fcstor004	/data1/06	serial	fio	rr-128k	3424.0	27.4k	0
20260820-221902	fcstor004	/data1/06	serial	fio	rw-4k	2416.0	619k	0
20260820-221902	fcstor004	/data1/06	serial	fio	rr-4k	330.0	84.4k	0
20260820-221902	fcstor004	/data1/03	parallel	dd	seq1m.write	4198.4	-	0
20260820-221902	fcstor004	/data1/03	parallel	dd	seq1m.read	3276.8	-	0
20260820-221902	fcstor004	/data1/03	parallel	dd	seq1m_cached.write	2355.2	-	0
20260820-221902	fcstor004	/data1/03	parallel	dd	seq1m_cached.read	10342.4	-	0
20260820-221902	fcstor004	/data1/03	parallel	fio	warmup-sw	3850.0	-	0
20260820-221902	fcstor004	/data1/03	parallel	fio	sw-1m	3849.0	3848	0
20260820-221902	fcstor004	/data1/03	parallel	fio	ow-1m	3716.0	3715	0
20260820-221902	fcstor004	/data1/03	parallel	fio	sr-1m	4166.0	4165	0
20260820-221902	fcstor004	/data1/03	parallel	fio	rw-1m	3852.0	3852	0
20260820-221902	fcstor004	/data1/03	parallel	fio	rr-1m	3916.0	3916	0
20260820-221902	fcstor004	/data1/03	parallel	fio	rw-128k	3864.0	30.9k	0
20260820-221902	fcstor004	/data1/03	parallel	fio	rr-128k	5101.0	40.8k	0
20260820-221902	fcstor004	/data1/03	parallel	fio	rw-4k	2208.0	565k	0
20260820-221902	fcstor004	/data1/03	parallel	fio	rr-4k	324.0	82.9k	0
20260820-221902	fcstor004	/data1/04	parallel	dd	seq1m.write	4198.4	-	0
20260820-221902	fcstor004	/data1/04	parallel	dd	seq1m.read	2764.8	-	0
20260820-221902	fcstor004	/data1/04	parallel	dd	seq1m_cached.write	2252.8	-	0
20260820-221902	fcstor004	/data1/04	parallel	dd	seq1m_cached.read	9932.8	-	0
20260820-221902	fcstor004	/data1/04	parallel	fio	warmup-sw	3846.0	-	0
20260820-221902	fcstor004	/data1/04	parallel	fio	sw-1m	3852.0	3852	0
20260820-221902	fcstor004	/data1/04	parallel	fio	ow-1m	3852.0	3851	0
20260820-221902	fcstor004	/data1/04	parallel	fio	sr-1m	3779.0	3778	0
20260820-221902	fcstor004	/data1/04	parallel	fio	rw-1m	3776.0	3775	0
20260820-221902	fcstor004	/data1/04	parallel	fio	rr-1m	3695.0	3695	0
20260820-221902	fcstor004	/data1/04	parallel	fio	rw-128k	3784.0	30.3k	0
20260820-221902	fcstor004	/data1/04	parallel	fio	rr-128k	5105.0	40.8k	0
20260820-221902	fcstor004	/data1/04	parallel	fio	rw-4k	2201.0	563k	0
20260820-221902	fcstor004	/data1/04	parallel	fio	rr-4k	322.0	82.5k	0
20260820-221902	fcstor004	/data1/02	parallel	dd	seq1m.write	3788.8	-	0
20260820-221902	fcstor004	/data1/02	parallel	dd	seq1m.read	2457.6	-	0
20260820-221902	fcstor004	/data1/02	parallel	dd	seq1m_cached.write	2252.8	-	0
20260820-221902	fcstor004	/data1/02	parallel	dd	seq1m_cached.read	11366.4	-	0
20260820-221902	fcstor004	/data1/02	parallel	fio	warmup-sw	3602.0	-	0
20260820-221902	fcstor004	/data1/02	parallel	fio	sw-1m	3560.0	3560	0
20260820-221902	fcstor004	/data1/02	parallel	fio	ow-1m	3698.0	3698	0
20260820-221902	fcstor004	/data1/02	parallel	fio	sr-1m	4370.0	4369	0
20260820-221902	fcstor004	/data1/02	parallel	fio	rw-1m	3852.0	3852	0
20260820-221902	fcstor004	/data1/02	parallel	fio	rr-1m	4092.0	4092	0
20260820-221902	fcstor004	/data1/02	parallel	fio	rw-128k	3852.0	30.8k	0
20260820-221902	fcstor004	/data1/02	parallel	fio	rr-128k	4508.0	36.1k	0
20260820-221902	fcstor004	/data1/02	parallel	fio	rw-4k	1553.0	398k	0
20260820-221902	fcstor004	/data1/02	parallel	fio	rr-4k	329.0	84.2k	0
20260820-221902	fcstor004	/data1/06	parallel	dd	seq1m.write	2662.4	-	0
20260820-221902	fcstor004	/data1/06	parallel	dd	seq1m.read	2662.4	-	0
20260820-221902	fcstor004	/data1/06	parallel	dd	seq1m_cached.write	2355.2	-	0
20260820-221902	fcstor004	/data1/06	parallel	dd	seq1m_cached.read	11161.6	-	0
20260820-221902	fcstor004	/data1/06	parallel	fio	warmup-sw	3148.0	-	0
20260820-221902	fcstor004	/data1/06	parallel	fio	sw-1m	3152.0	3152	0
20260820-221902	fcstor004	/data1/06	parallel	fio	ow-1m	3150.0	3150	0
20260820-221902	fcstor004	/data1/06	parallel	fio	sr-1m	3199.0	3199	0
20260820-221902	fcstor004	/data1/06	parallel	fio	rw-1m	2941.0	2940	0
20260820-221902	fcstor004	/data1/06	parallel	fio	rr-1m	3161.0	3161	0
20260820-221902	fcstor004	/data1/06	parallel	fio	rw-128k	3140.0	25.1k	0
20260820-221902	fcstor004	/data1/06	parallel	fio	rr-128k	3360.0	26.9k	0
20260820-221902	fcstor004	/data1/06	parallel	fio	rw-4k	2057.0	527k	0
20260820-221902	fcstor004	/data1/06	parallel	fio	rr-4k	327.0	83.7k	0
20260820-221902	fcstor004	/data1/05	parallel	dd	seq1m.write	2662.4	-	0
20260820-221902	fcstor004	/data1/05	parallel	dd	seq1m.read	2764.8	-	0
20260820-221902	fcstor004	/data1/05	parallel	dd	seq1m_cached.write	2252.8	-	0
20260820-221902	fcstor004	/data1/05	parallel	dd	seq1m_cached.read	10854.4	-	0
20260820-221902	fcstor004	/data1/05	parallel	fio	warmup-sw	3168.0	-	0
20260820-221902	fcstor004	/data1/05	parallel	fio	sw-1m	3096.0	3096	0
20260820-221902	fcstor004	/data1/05	parallel	fio	ow-1m	3152.0	3151	0
20260820-221902	fcstor004	/data1/05	parallel	fio	sr-1m	2922.0	2922	0
20260820-221902	fcstor004	/data1/05	parallel	fio	rw-1m	3054.0	3054	0
20260820-221902	fcstor004	/data1/05	parallel	fio	rr-1m	3214.0	3213	0
20260820-221902	fcstor004	/data1/05	parallel	fio	rw-128k	2947.0	23.6k	0
20260820-221902	fcstor004	/data1/05	parallel	fio	rr-128k	3340.0	26.7k	0
20260820-221902	fcstor004	/data1/05	parallel	fio	rw-4k	2051.0	525k	0
20260820-221902	fcstor004	/data1/05	parallel	fio	rr-4k	324.0	83.0k	0
20260820-221902	fcstor004	/data1/01	parallel	dd	seq1m.write	677.0	-	0
20260820-221902	fcstor004	/data1/01	parallel	dd	seq1m.read	3276.8	-	0
20260820-221902	fcstor004	/data1/01	parallel	dd	seq1m_cached.write	2355.2	-	0
20260820-221902	fcstor004	/data1/01	parallel	dd	seq1m_cached.read	9216.0	-	0
20260820-221902	fcstor004	/data1/01	parallel	fio	warmup-sw	645.0	-	0
20260820-221902	fcstor004	/data1/01	parallel	fio	sw-1m	645.0	645	0
20260820-221902	fcstor004	/data1/01	parallel	fio	ow-1m	3470.0	3469	0
20260820-221902	fcstor004	/data1/01	parallel	fio	sr-1m	5098.0	5097	0
20260820-221902	fcstor004	/data1/01	parallel	fio	rw-1m	3850.0	3849	0
20260820-221902	fcstor004	/data1/01	parallel	fio	rr-1m	5370.0	5370	0
20260820-221902	fcstor004	/data1/01	parallel	fio	rw-128k	3852.0	30.8k	0
20260820-221902	fcstor004	/data1/01	parallel	fio	rr-128k	5065.0	40.5k	0
20260820-221902	fcstor004	/data1/01	parallel	fio	rw-4k	2324.0	595k	0
20260820-221902	fcstor004	/data1/01	parallel	fio	rr-4k	330.0	84.5k	0
20260820-221902	fcstor005	/data1/01	serial	dd	seq1m.write	4198.4	-	0
20260820-221902	fcstor005	/data1/01	serial	dd	seq1m.read	3276.8	-	0
20260820-221902	fcstor005	/data1/01	serial	dd	seq1m_cached.write	2457.6	-	0
20260820-221902	fcstor005	/data1/01	serial	dd	seq1m_cached.read	11571.2	-	0
20260820-221902	fcstor005	/data1/01	serial	fio	warmup-sw	3882.0	-	0
20260820-221902	fcstor005	/data1/01	serial	fio	sw-1m	3852.0	3852	0
20260820-221902	fcstor005	/data1/01	serial	fio	ow-1m	3648.0	3648	0
20260820-221902	fcstor005	/data1/01	serial	fio	sr-1m	3683.0	3683	0
20260820-221902	fcstor005	/data1/01	serial	fio	rw-1m	3869.0	3869	0
20260820-221902	fcstor005	/data1/01	serial	fio	rr-1m	3868.0	3868	0
20260820-221902	fcstor005	/data1/01	serial	fio	rw-128k	3487.0	27.9k	0
20260820-221902	fcstor005	/data1/01	serial	fio	rr-128k	4768.0	38.1k	0
20260820-221902	fcstor005	/data1/01	serial	fio	rw-4k	2420.0	620k	0
20260820-221902	fcstor005	/data1/01	serial	fio	rr-4k	331.0	84.7k	0
20260820-221902	fcstor005	/data1/02	serial	dd	seq1m.write	3788.8	-	0
20260820-221902	fcstor005	/data1/02	serial	dd	seq1m.read	2560.0	-	0
20260820-221902	fcstor005	/data1/02	serial	dd	seq1m_cached.write	2457.6	-	0
20260820-221902	fcstor005	/data1/02	serial	dd	seq1m_cached.read	11571.2	-	0
20260820-221902	fcstor005	/data1/02	serial	fio	warmup-sw	3618.0	-	0
20260820-221902	fcstor005	/data1/02	serial	fio	sw-1m	3556.0	3555	0
20260820-221902	fcstor005	/data1/02	serial	fio	ow-1m	3735.0	3735	0
20260820-221902	fcstor005	/data1/02	serial	fio	sr-1m	3800.0	3800	0
20260820-221902	fcstor005	/data1/02	serial	fio	rw-1m	3606.0	3605	0
20260820-221902	fcstor005	/data1/02	serial	fio	rr-1m	3680.0	3680	0
20260820-221902	fcstor005	/data1/02	serial	fio	rw-128k	3779.0	30.2k	0
20260820-221902	fcstor005	/data1/02	serial	fio	rr-128k	5099.0	40.8k	0
20260820-221902	fcstor005	/data1/02	serial	fio	rw-4k	2461.0	630k	0
20260820-221902	fcstor005	/data1/02	serial	fio	rr-4k	323.0	82.8k	0
20260820-221902	fcstor005	/data1/03	serial	dd	seq1m.write	4198.4	-	0
20260820-221902	fcstor005	/data1/03	serial	dd	seq1m.read	2969.6	-	0
20260820-221902	fcstor005	/data1/03	serial	dd	seq1m_cached.write	2457.6	-	0
20260820-221902	fcstor005	/data1/03	serial	dd	seq1m_cached.read	11571.2	-	0
20260820-221902	fcstor005	/data1/03	serial	fio	warmup-sw	3747.0	-	0
20260820-221902	fcstor005	/data1/03	serial	fio	sw-1m	3566.0	3566	0
20260820-221902	fcstor005	/data1/03	serial	fio	ow-1m	3534.0	3533	0
20260820-221902	fcstor005	/data1/03	serial	fio	sr-1m	4077.0	4077	0
20260820-221902	fcstor005	/data1/03	serial	fio	rw-1m	3857.0	3857	0
20260820-221902	fcstor005	/data1/03	serial	fio	rr-1m	3957.0	3956	0
20260820-221902	fcstor005	/data1/03	serial	fio	rw-128k	3853.0	30.8k	0
20260820-221902	fcstor005	/data1/03	serial	fio	rr-128k	5128.0	41.0k	0
20260820-221902	fcstor005	/data1/03	serial	fio	rw-4k	2418.0	619k	0
20260820-221902	fcstor005	/data1/03	serial	fio	rr-4k	332.0	84.9k	0
20260820-221902	fcstor005	/data1/04	serial	dd	seq1m.write	4198.4	-	0
20260820-221902	fcstor005	/data1/04	serial	dd	seq1m.read	3276.8	-	0
20260820-221902	fcstor005	/data1/04	serial	dd	seq1m_cached.write	2457.6	-	0
20260820-221902	fcstor005	/data1/04	serial	dd	seq1m_cached.read	11468.8	-	0
20260820-221902	fcstor005	/data1/04	serial	fio	warmup-sw	3846.0	-	0
20260820-221902	fcstor005	/data1/04	serial	fio	sw-1m	3856.0	3856	0
20260820-221902	fcstor005	/data1/04	serial	fio	ow-1m	3852.0	3852	0
20260820-221902	fcstor005	/data1/04	serial	fio	sr-1m	4103.0	4102	0
20260820-221902	fcstor005	/data1/04	serial	fio	rw-1m	3852.0	3851	0
20260820-221902	fcstor005	/data1/04	serial	fio	rr-1m	3819.0	3818	0
20260820-221902	fcstor005	/data1/04	serial	fio	rw-128k	3851.0	30.8k	0
20260820-221902	fcstor005	/data1/04	serial	fio	rr-128k	5128.0	41.0k	0
20260820-221902	fcstor005	/data1/04	serial	fio	rw-4k	2492.0	638k	0
20260820-221902	fcstor005	/data1/04	serial	fio	rr-4k	330.0	84.5k	0
20260820-221902	fcstor005	/data1/05	serial	dd	seq1m.write	2457.6	-	0
20260820-221902	fcstor005	/data1/05	serial	dd	seq1m.read	2457.6	-	0
20260820-221902	fcstor005	/data1/05	serial	dd	seq1m_cached.write	2355.2	-	0
20260820-221902	fcstor005	/data1/05	serial	dd	seq1m_cached.read	11264.0	-	0
20260820-221902	fcstor005	/data1/05	serial	fio	warmup-sw	2842.0	-	0
20260820-221902	fcstor005	/data1/05	serial	fio	sw-1m	2986.0	2986	0
20260820-221902	fcstor005	/data1/05	serial	fio	ow-1m	3150.0	3149	0
20260820-221902	fcstor005	/data1/05	serial	fio	sr-1m	2958.0	2958	0
20260820-221902	fcstor005	/data1/05	serial	fio	rw-1m	3148.0	3147	0
20260820-221902	fcstor005	/data1/05	serial	fio	rr-1m	3177.0	3177	0
20260820-221902	fcstor005	/data1/05	serial	fio	rw-128k	3148.0	25.2k	0
20260820-221902	fcstor005	/data1/05	serial	fio	rr-128k	3415.0	27.3k	0
20260820-221902	fcstor005	/data1/05	serial	fio	rw-4k	2364.0	605k	0
20260820-221902	fcstor005	/data1/05	serial	fio	rr-4k	329.0	84.2k	0
20260820-221902	fcstor005	/data1/06	serial	dd	seq1m.write	3788.8	-	0
20260820-221902	fcstor005	/data1/06	serial	dd	seq1m.read	2764.8	-	0
20260820-221902	fcstor005	/data1/06	serial	dd	seq1m_cached.write	2457.6	-	0
20260820-221902	fcstor005	/data1/06	serial	dd	seq1m_cached.read	11264.0	-	0
20260820-221902	fcstor005	/data1/06	serial	fio	warmup-sw	3571.0	-	0
20260820-221902	fcstor005	/data1/06	serial	fio	sw-1m	2357.0	2356	0
20260820-221902	fcstor005	/data1/06	serial	fio	ow-1m	3664.0	3664	0
20260820-221902	fcstor005	/data1/06	serial	fio	sr-1m	4162.0	4161	0
20260820-221902	fcstor005	/data1/06	serial	fio	rw-1m	3856.0	3856	0
20260820-221902	fcstor005	/data1/06	serial	fio	rr-1m	4338.0	4338	0
20260820-221902	fcstor005	/data1/06	serial	fio	rw-128k	3819.0	30.6k	0
20260820-221902	fcstor005	/data1/06	serial	fio	rr-128k	5113.0	40.9k	0
20260820-221902	fcstor005	/data1/06	serial	fio	rw-4k	2492.0	638k	0
20260820-221902	fcstor005	/data1/06	serial	fio	rr-4k	325.0	83.1k	0
20260820-221902	fcstor005	/data1/04	parallel	dd	seq1m.write	4198.4	-	0
20260820-221902	fcstor005	/data1/04	parallel	dd	seq1m.read	3276.8	-	0
20260820-221902	fcstor005	/data1/04	parallel	dd	seq1m_cached.write	2355.2	-	0
20260820-221902	fcstor005	/data1/04	parallel	dd	seq1m_cached.read	10854.4	-	0
20260820-221902	fcstor005	/data1/04	parallel	fio	warmup-sw	3890.0	-	0
20260820-221902	fcstor005	/data1/04	parallel	fio	sw-1m	3750.0	3749	0
20260820-221902	fcstor005	/data1/04	parallel	fio	ow-1m	3535.0	3535	0
20260820-221902	fcstor005	/data1/04	parallel	fio	sr-1m	3566.0	3566	0
20260820-221902	fcstor005	/data1/04	parallel	fio	rw-1m	3569.0	3569	0
20260820-221902	fcstor005	/data1/04	parallel	fio	rr-1m	4053.0	4052	0
20260820-221902	fcstor005	/data1/04	parallel	fio	rw-128k	3853.0	30.8k	0
20260820-221902	fcstor005	/data1/04	parallel	fio	rr-128k	5102.0	40.8k	0
20260820-221902	fcstor005	/data1/04	parallel	fio	rw-4k	2141.0	548k	0
20260820-221902	fcstor005	/data1/04	parallel	fio	rr-4k	328.0	84.1k	0
20260820-221902	fcstor005	/data1/01	parallel	dd	seq1m.write	4096.0	-	0
20260820-221902	fcstor005	/data1/01	parallel	dd	seq1m.read	3276.8	-	0
20260820-221902	fcstor005	/data1/01	parallel	dd	seq1m_cached.write	2355.2	-	0
20260820-221902	fcstor005	/data1/01	parallel	dd	seq1m_cached.read	10649.6	-	0
20260820-221902	fcstor005	/data1/01	parallel	fio	warmup-sw	3864.0	-	0
20260820-221902	fcstor005	/data1/01	parallel	fio	sw-1m	3767.0	3766	0
20260820-221902	fcstor005	/data1/01	parallel	fio	ow-1m	3852.0	3852	0
20260820-221902	fcstor005	/data1/01	parallel	fio	sr-1m	3967.0	3966	0
20260820-221902	fcstor005	/data1/01	parallel	fio	rw-1m	3762.0	3762	0
20260820-221902	fcstor005	/data1/01	parallel	fio	rr-1m	3638.0	3638	0
20260820-221902	fcstor005	/data1/01	parallel	fio	rw-128k	3845.0	30.8k	0
20260820-221902	fcstor005	/data1/01	parallel	fio	rr-128k	5124.0	41.0k	0
20260820-221902	fcstor005	/data1/01	parallel	fio	rw-4k	2230.0	571k	0
20260820-221902	fcstor005	/data1/01	parallel	fio	rr-4k	320.0	81.8k	0
20260820-221902	fcstor005	/data1/02	parallel	dd	seq1m.write	3891.2	-	0
20260820-221902	fcstor005	/data1/02	parallel	dd	seq1m.read	2867.2	-	0
20260820-221902	fcstor005	/data1/02	parallel	dd	seq1m_cached.write	2355.2	-	0
20260820-221902	fcstor005	/data1/02	parallel	dd	seq1m_cached.read	11776.0	-	0
20260820-221902	fcstor005	/data1/02	parallel	fio	warmup-sw	3846.0	-	0
20260820-221902	fcstor005	/data1/02	parallel	fio	sw-1m	3578.0	3578	0
20260820-221902	fcstor005	/data1/02	parallel	fio	ow-1m	3562.0	3561	0
20260820-221902	fcstor005	/data1/02	parallel	fio	sr-1m	3601.0	3600	0
20260820-221902	fcstor005	/data1/02	parallel	fio	rw-1m	3757.0	3757	0
20260820-221902	fcstor005	/data1/02	parallel	fio	rr-1m	3884.0	3884	0
20260820-221902	fcstor005	/data1/02	parallel	fio	rw-128k	3865.0	30.9k	0
20260820-221902	fcstor005	/data1/02	parallel	fio	rr-128k	5055.0	40.4k	0
20260820-221902	fcstor005	/data1/02	parallel	fio	rw-4k	2189.0	560k	0
20260820-221902	fcstor005	/data1/02	parallel	fio	rr-4k	321.0	82.1k	0
20260820-221902	fcstor005	/data1/05	parallel	dd	seq1m.write	2662.4	-	0
20260820-221902	fcstor005	/data1/05	parallel	dd	seq1m.read	2764.8	-	0
20260820-221902	fcstor005	/data1/05	parallel	dd	seq1m_cached.write	2355.2	-	0
20260820-221902	fcstor005	/data1/05	parallel	dd	seq1m_cached.read	10854.4	-	0
20260820-221902	fcstor005	/data1/05	parallel	fio	warmup-sw	3160.0	-	0
20260820-221902	fcstor005	/data1/05	parallel	fio	sw-1m	3160.0	3160	0
20260820-221902	fcstor005	/data1/05	parallel	fio	ow-1m	2942.0	2942	0
20260820-221902	fcstor005	/data1/05	parallel	fio	sr-1m	3248.0	3248	0
20260820-221902	fcstor005	/data1/05	parallel	fio	rw-1m	3152.0	3152	0
20260820-221902	fcstor005	/data1/05	parallel	fio	rr-1m	3181.0	3181	0
20260820-221902	fcstor005	/data1/05	parallel	fio	rw-128k	3150.0	25.2k	0
20260820-221902	fcstor005	/data1/05	parallel	fio	rr-128k	3427.0	27.4k	0
20260820-221902	fcstor005	/data1/05	parallel	fio	rw-4k	2108.0	540k	0
20260820-221902	fcstor005	/data1/05	parallel	fio	rr-4k	326.0	83.5k	0
20260820-221902	fcstor005	/data1/06	parallel	dd	seq1m.write	1331.2	-	0
20260820-221902	fcstor005	/data1/06	parallel	dd	seq1m.read	2969.6	-	0
20260820-221902	fcstor005	/data1/06	parallel	dd	seq1m_cached.write	2355.2	-	0
20260820-221902	fcstor005	/data1/06	parallel	dd	seq1m_cached.read	10649.6	-	0
20260820-221902	fcstor005	/data1/06	parallel	fio	warmup-sw	667.0	-	0
20260820-221902	fcstor005	/data1/06	parallel	fio	sw-1m	1827.0	1827	0
20260820-221902	fcstor005	/data1/06	parallel	fio	ow-1m	3790.0	3790	0
20260820-221902	fcstor005	/data1/06	parallel	fio	sr-1m	3458.0	3458	0
20260820-221902	fcstor005	/data1/06	parallel	fio	rw-1m	3581.0	3581	0
20260820-221902	fcstor005	/data1/06	parallel	fio	rr-1m	3699.0	3699	0
20260820-221902	fcstor005	/data1/06	parallel	fio	rw-128k	3578.0	28.6k	0
20260820-221902	fcstor005	/data1/06	parallel	fio	rr-128k	4444.0	35.6k	0
20260820-221902	fcstor005	/data1/06	parallel	fio	rw-4k	1649.0	422k	0
20260820-221902	fcstor005	/data1/06	parallel	fio	rr-4k	330.0	84.5k	0
20260820-221902	fcstor005	/data1/03	parallel	dd	seq1m.write	682.0	-	0
20260820-221902	fcstor005	/data1/03	parallel	dd	seq1m.read	3276.8	-	0
20260820-221902	fcstor005	/data1/03	parallel	dd	seq1m_cached.write	2457.6	-	0
20260820-221902	fcstor005	/data1/03	parallel	dd	seq1m_cached.read	10240.0	-	0
20260820-221902	fcstor005	/data1/03	parallel	fio	warmup-sw	649.0	-	0
20260820-221902	fcstor005	/data1/03	parallel	fio	sw-1m	647.0	646	0
20260820-221902	fcstor005	/data1/03	parallel	fio	ow-1m	648.0	647	0
20260820-221902	fcstor005	/data1/03	parallel	fio	sr-1m	4036.0	4035	0
20260820-221902	fcstor005	/data1/03	parallel	fio	rw-1m	1719.0	1719	0
20260820-221902	fcstor005	/data1/03	parallel	fio	rr-1m	3869.0	3868	0
20260820-221902	fcstor005	/data1/03	parallel	fio	rw-128k	3850.0	30.8k	0
20260820-221902	fcstor005	/data1/03	parallel	fio	rr-128k	5095.0	40.8k	0
20260820-221902	fcstor005	/data1/03	parallel	fio	rw-4k	1402.0	359k	0
20260820-221902	fcstor005	/data1/03	parallel	fio	rr-4k	331.0	84.7k	0
20260820-221902	fcstor006	/data1/01	serial	dd	seq1m.write	4198.4	-	0
20260820-221902	fcstor006	/data1/01	serial	dd	seq1m.read	3174.4	-	0
20260820-221902	fcstor006	/data1/01	serial	dd	seq1m_cached.write	2355.2	-	0
20260820-221902	fcstor006	/data1/01	serial	dd	seq1m_cached.read	11571.2	-	0
20260820-221902	fcstor006	/data1/01	serial	fio	warmup-sw	3871.0	-	0
20260820-221902	fcstor006	/data1/01	serial	fio	sw-1m	3865.0	3865	0
20260820-221902	fcstor006	/data1/01	serial	fio	ow-1m	3866.0	3866	0
20260820-221902	fcstor006	/data1/01	serial	fio	sr-1m	3692.0	3691	0
20260820-221902	fcstor006	/data1/01	serial	fio	rw-1m	3780.0	3780	0
20260820-221902	fcstor006	/data1/01	serial	fio	rr-1m	3404.0	3403	0
20260820-221902	fcstor006	/data1/01	serial	fio	rw-128k	3671.0	29.4k	0
20260820-221902	fcstor006	/data1/01	serial	fio	rr-128k	4610.0	36.9k	0
20260820-221902	fcstor006	/data1/01	serial	fio	rw-4k	2460.0	630k	0
20260820-221902	fcstor006	/data1/01	serial	fio	rr-4k	332.0	85.0k	0
20260820-221902	fcstor006	/data1/02	serial	dd	seq1m.write	3686.4	-	0
20260820-221902	fcstor006	/data1/02	serial	dd	seq1m.read	2764.8	-	0
20260820-221902	fcstor006	/data1/02	serial	dd	seq1m_cached.write	2355.2	-	0
20260820-221902	fcstor006	/data1/02	serial	dd	seq1m_cached.read	11571.2	-	0
20260820-221902	fcstor006	/data1/02	serial	fio	warmup-sw	3568.0	-	0
20260820-221902	fcstor006	/data1/02	serial	fio	sw-1m	3795.0	3794	0
20260820-221902	fcstor006	/data1/02	serial	fio	ow-1m	3587.0	3587	0
20260820-221902	fcstor006	/data1/02	serial	fio	sr-1m	4056.0	4055	0
20260820-221902	fcstor006	/data1/02	serial	fio	rw-1m	3856.0	3856	0
20260820-221902	fcstor006	/data1/02	serial	fio	rr-1m	3814.0	3814	0
20260820-221902	fcstor006	/data1/02	serial	fio	rw-128k	3854.0	30.8k	0
20260820-221902	fcstor006	/data1/02	serial	fio	rr-128k	5102.0	40.8k	0
20260820-221902	fcstor006	/data1/02	serial	fio	rw-4k	2461.0	630k	0
20260820-221902	fcstor006	/data1/02	serial	fio	rr-4k	322.0	82.5k	0
20260820-221902	fcstor006	/data1/03	serial	dd	seq1m.write	4198.4	-	0
20260820-221902	fcstor006	/data1/03	serial	dd	seq1m.read	3276.8	-	0
20260820-221902	fcstor006	/data1/03	serial	dd	seq1m_cached.write	2355.2	-	0
20260820-221902	fcstor006	/data1/03	serial	dd	seq1m_cached.read	11366.4	-	0
20260820-221902	fcstor006	/data1/03	serial	fio	warmup-sw	3846.0	-	0
20260820-221902	fcstor006	/data1/03	serial	fio	sw-1m	3856.0	3856	0
20260820-221902	fcstor006	/data1/03	serial	fio	ow-1m	3730.0	3729	0
20260820-221902	fcstor006	/data1/03	serial	fio	sr-1m	3690.0	3689	0
20260820-221902	fcstor006	/data1/03	serial	fio	rw-1m	3853.0	3853	0
20260820-221902	fcstor006	/data1/03	serial	fio	rr-1m	3809.0	3809	0
20260820-221902	fcstor006	/data1/03	serial	fio	rw-128k	1706.0	13.6k	0
20260820-221902	fcstor006	/data1/03	serial	fio	rr-128k	5110.0	40.9k	0
20260820-221902	fcstor006	/data1/03	serial	fio	rw-4k	647.0	166k	0
20260820-221902	fcstor006	/data1/03	serial	fio	rr-4k	332.0	85.1k	0
20260820-221902	fcstor006	/data1/04	serial	dd	seq1m.write	4096.0	-	0
20260820-221902	fcstor006	/data1/04	serial	dd	seq1m.read	3276.8	-	0
20260820-221902	fcstor006	/data1/04	serial	dd	seq1m_cached.write	2457.6	-	0
20260820-221902	fcstor006	/data1/04	serial	dd	seq1m_cached.read	11264.0	-	0
20260820-221902	fcstor006	/data1/04	serial	fio	warmup-sw	3850.0	-	0
20260820-221902	fcstor006	/data1/04	serial	fio	sw-1m	3856.0	3856	0
20260820-221902	fcstor006	/data1/04	serial	fio	ow-1m	3856.0	3856	0
20260820-221902	fcstor006	/data1/04	serial	fio	sr-1m	3967.0	3966	0
20260820-221902	fcstor006	/data1/04	serial	fio	rw-1m	3853.0	3852	0
20260820-221902	fcstor006	/data1/04	serial	fio	rr-1m	3830.0	3829	0
20260820-221902	fcstor006	/data1/04	serial	fio	rw-128k	3853.0	30.8k	0
20260820-221902	fcstor006	/data1/04	serial	fio	rr-128k	5113.0	40.9k	0
20260820-221902	fcstor006	/data1/04	serial	fio	rw-4k	2401.0	615k	0
20260820-221902	fcstor006	/data1/04	serial	fio	rr-4k	329.0	84.2k	0
20260820-221902	fcstor006	/data1/05	serial	dd	seq1m.write	981.0	-	0
20260820-221902	fcstor006	/data1/05	serial	dd	seq1m.read	3276.8	-	0
20260820-221902	fcstor006	/data1/05	serial	dd	seq1m_cached.write	2355.2	-	0
20260820-221902	fcstor006	/data1/05	serial	dd	seq1m_cached.read	11161.6	-	0
20260820-221902	fcstor006	/data1/05	serial	fio	warmup-sw	3846.0	-	0
20260820-221902	fcstor006	/data1/05	serial	fio	sw-1m	3553.0	3552	0
20260820-221902	fcstor006	/data1/05	serial	fio	ow-1m	3568.0	3567	0
20260820-221902	fcstor006	/data1/05	serial	fio	sr-1m	3611.0	3611	0
20260820-221902	fcstor006	/data1/05	serial	fio	rw-1m	2359.0	2358	0
20260820-221902	fcstor006	/data1/05	serial	fio	rr-1m	3831.0	3830	0
20260820-221902	fcstor006	/data1/05	serial	fio	rw-128k	2248.0	18.0k	0
20260820-221902	fcstor006	/data1/05	serial	fio	rr-128k	4504.0	36.0k	0
20260820-221902	fcstor006	/data1/05	serial	fio	rw-4k	2422.0	620k	0
20260820-221902	fcstor006	/data1/05	serial	fio	rr-4k	332.0	84.9k	0
20260820-221902	fcstor006	/data1/06	serial	dd	seq1m.write	2662.4	-	0
20260820-221902	fcstor006	/data1/06	serial	dd	seq1m.read	2662.4	-	0
20260820-221902	fcstor006	/data1/06	serial	dd	seq1m_cached.write	2355.2	-	0
20260820-221902	fcstor006	/data1/06	serial	dd	seq1m_cached.read	11264.0	-	0
20260820-221902	fcstor006	/data1/06	serial	fio	warmup-sw	3156.0	-	0
20260820-221902	fcstor006	/data1/06	serial	fio	sw-1m	3152.0	3152	0
20260820-221902	fcstor006	/data1/06	serial	fio	ow-1m	3100.0	3099	0
20260820-221902	fcstor006	/data1/06	serial	fio	sr-1m	3240.0	3240	0
20260820-221902	fcstor006	/data1/06	serial	fio	rw-1m	2971.0	2971	0
20260820-221902	fcstor006	/data1/06	serial	fio	rr-1m	3201.0	3200	0
20260820-221902	fcstor006	/data1/06	serial	fio	rw-128k	2879.0	23.0k	0
20260820-221902	fcstor006	/data1/06	serial	fio	rr-128k	3381.0	27.0k	0
20260820-221902	fcstor006	/data1/06	serial	fio	rw-4k	2386.0	611k	0
20260820-221902	fcstor006	/data1/06	serial	fio	rr-4k	329.0	84.1k	0
20260820-221902	fcstor006	/data1/04	parallel	dd	seq1m.write	4198.4	-	0
20260820-221902	fcstor006	/data1/04	parallel	dd	seq1m.read	3276.8	-	0
20260820-221902	fcstor006	/data1/04	parallel	dd	seq1m_cached.write	2252.8	-	0
20260820-221902	fcstor006	/data1/04	parallel	dd	seq1m_cached.read	10649.6	-	0
20260820-221902	fcstor006	/data1/04	parallel	fio	warmup-sw	3846.0	-	0
20260820-221902	fcstor006	/data1/04	parallel	fio	sw-1m	3827.0	3826	0
20260820-221902	fcstor006	/data1/04	parallel	fio	ow-1m	3723.0	3722	0
20260820-221902	fcstor006	/data1/04	parallel	fio	sr-1m	3567.0	3566	0
20260820-221902	fcstor006	/data1/04	parallel	fio	rw-1m	3599.0	3598	0
20260820-221902	fcstor006	/data1/04	parallel	fio	rr-1m	3863.0	3863	0
20260820-221902	fcstor006	/data1/04	parallel	fio	rw-128k	3851.0	30.8k	0
20260820-221902	fcstor006	/data1/04	parallel	fio	rr-128k	5102.0	40.8k	0
20260820-221902	fcstor006	/data1/04	parallel	fio	rw-4k	2116.0	542k	0
20260820-221902	fcstor006	/data1/04	parallel	fio	rr-4k	325.0	83.2k	0
20260820-221902	fcstor006	/data1/02	parallel	dd	seq1m.write	4096.0	-	0
20260820-221902	fcstor006	/data1/02	parallel	dd	seq1m.read	3276.8	-	0
20260820-221902	fcstor006	/data1/02	parallel	dd	seq1m_cached.write	2355.2	-	0
20260820-221902	fcstor006	/data1/02	parallel	dd	seq1m_cached.read	10752.0	-	0
20260820-221902	fcstor006	/data1/02	parallel	fio	warmup-sw	3850.0	-	0
20260820-221902	fcstor006	/data1/02	parallel	fio	sw-1m	3855.0	3855	0
20260820-221902	fcstor006	/data1/02	parallel	fio	ow-1m	3856.0	3855	0
20260820-221902	fcstor006	/data1/02	parallel	fio	sr-1m	3843.0	3842	0
20260820-221902	fcstor006	/data1/02	parallel	fio	rw-1m	3849.0	3848	0
20260820-221902	fcstor006	/data1/02	parallel	fio	rr-1m	3762.0	3761	0
20260820-221902	fcstor006	/data1/02	parallel	fio	rw-128k	3430.0	27.4k	0
20260820-221902	fcstor006	/data1/02	parallel	fio	rr-128k	5080.0	40.6k	0
20260820-221902	fcstor006	/data1/02	parallel	fio	rw-4k	2198.0	563k	0
20260820-221902	fcstor006	/data1/02	parallel	fio	rr-4k	329.0	84.1k	0
20260820-221902	fcstor006	/data1/01	parallel	dd	seq1m.write	3686.4	-	0
20260820-221902	fcstor006	/data1/01	parallel	dd	seq1m.read	2662.4	-	0
20260820-221902	fcstor006	/data1/01	parallel	dd	seq1m_cached.write	2252.8	-	0
20260820-221902	fcstor006	/data1/01	parallel	dd	seq1m_cached.read	12083.2	-	0
20260820-221902	fcstor006	/data1/01	parallel	fio	warmup-sw	3516.0	-	0
20260820-221902	fcstor006	/data1/01	parallel	fio	sw-1m	3677.0	3676	0
20260820-221902	fcstor006	/data1/01	parallel	fio	ow-1m	3582.0	3582	0
20260820-221902	fcstor006	/data1/01	parallel	fio	sr-1m	4416.0	4416	0
20260820-221902	fcstor006	/data1/01	parallel	fio	rw-1m	3820.0	3819	0
20260820-221902	fcstor006	/data1/01	parallel	fio	rr-1m	4526.0	4526	0
20260820-221902	fcstor006	/data1/01	parallel	fio	rw-128k	3851.0	30.8k	0
20260820-221902	fcstor006	/data1/01	parallel	fio	rr-128k	4979.0	39.8k	0
20260820-221902	fcstor006	/data1/01	parallel	fio	rw-4k	2160.0	553k	0
20260820-221902	fcstor006	/data1/01	parallel	fio	rr-4k	328.0	84.1k	0
20260820-221902	fcstor006	/data1/05	parallel	dd	seq1m.write	3686.4	-	0
20260820-221902	fcstor006	/data1/05	parallel	dd	seq1m.read	2764.8	-	0
20260820-221902	fcstor006	/data1/05	parallel	dd	seq1m_cached.write	2252.8	-	0
20260820-221902	fcstor006	/data1/05	parallel	dd	seq1m_cached.read	11878.4	-	0
20260820-221902	fcstor006	/data1/05	parallel	fio	warmup-sw	3399.0	-	0
20260820-221902	fcstor006	/data1/05	parallel	fio	sw-1m	1632.0	1631	0
20260820-221902	fcstor006	/data1/05	parallel	fio	ow-1m	2785.0	2785	0
20260820-221902	fcstor006	/data1/05	parallel	fio	sr-1m	3974.0	3974	0
20260820-221902	fcstor006	/data1/05	parallel	fio	rw-1m	741.0	741	0
20260820-221902	fcstor006	/data1/05	parallel	fio	rr-1m	3710.0	3710	0
20260820-221902	fcstor006	/data1/05	parallel	fio	rw-128k	1158.0	9265	0
20260820-221902	fcstor006	/data1/05	parallel	fio	rr-128k	5019.0	40.1k	0
20260820-221902	fcstor006	/data1/05	parallel	fio	rw-4k	1039.0	266k	0
20260820-221902	fcstor006	/data1/05	parallel	fio	rr-4k	329.0	84.2k	0
20260820-221902	fcstor006	/data1/06	parallel	dd	seq1m.write	2560.0	-	0
20260820-221902	fcstor006	/data1/06	parallel	dd	seq1m.read	2764.8	-	0
20260820-221902	fcstor006	/data1/06	parallel	dd	seq1m_cached.write	2355.2	-	0
20260820-221902	fcstor006	/data1/06	parallel	dd	seq1m_cached.read	10342.4	-	0
20260820-221902	fcstor006	/data1/06	parallel	fio	warmup-sw	3153.0	-	0
20260820-221902	fcstor006	/data1/06	parallel	fio	sw-1m	3092.0	3092	0
20260820-221902	fcstor006	/data1/06	parallel	fio	ow-1m	3149.0	3148	0
20260820-221902	fcstor006	/data1/06	parallel	fio	sr-1m	3262.0	3262	0
20260820-221902	fcstor006	/data1/06	parallel	fio	rw-1m	3151.0	3150	0
20260820-221902	fcstor006	/data1/06	parallel	fio	rr-1m	3122.0	3121	0
20260820-221902	fcstor006	/data1/06	parallel	fio	rw-128k	3012.0	24.1k	0
20260820-221902	fcstor006	/data1/06	parallel	fio	rr-128k	3388.0	27.1k	0
20260820-221902	fcstor006	/data1/06	parallel	fio	rw-4k	2095.0	536k	0
20260820-221902	fcstor006	/data1/06	parallel	fio	rr-4k	326.0	83.5k	0
20260820-221902	fcstor006	/data1/03	parallel	dd	seq1m.write	680.0	-	0
20260820-221902	fcstor006	/data1/03	parallel	dd	seq1m.read	2662.4	-	0
20260820-221902	fcstor006	/data1/03	parallel	dd	seq1m_cached.write	2355.2	-	0
20260820-221902	fcstor006	/data1/03	parallel	dd	seq1m_cached.read	10854.4	-	0
20260820-221902	fcstor006	/data1/03	parallel	fio	warmup-sw	3504.0	-	0
20260820-221902	fcstor006	/data1/03	parallel	fio	sw-1m	1174.0	1173	0
20260820-221902	fcstor006	/data1/03	parallel	fio	ow-1m	3567.0	3566	0
20260820-221902	fcstor006	/data1/03	parallel	fio	sr-1m	3968.0	3967	0
20260820-221902	fcstor006	/data1/03	parallel	fio	rw-1m	2481.0	2480	0
20260820-221902	fcstor006	/data1/03	parallel	fio	rr-1m	3836.0	3835	0
20260820-221902	fcstor006	/data1/03	parallel	fio	rw-128k	1339.0	10.7k	0
20260820-221902	fcstor006	/data1/03	parallel	fio	rr-128k	5088.0	40.7k	0
20260820-221902	fcstor006	/data1/03	parallel	fio	rw-4k	1578.0	404k	0
20260820-221902	fcstor006	/data1/03	parallel	fio	rr-4k	330.0	84.4k	0
