ts	host	suite	test	bw_mib_s	iops	rc
2026-08-29T12:55:50Z	fcstor011	dd	seq1m.write	262.0	-	0
2026-08-29T12:55:50Z	fcstor011	dd	seq1m.read	3379.2	-	0
2026-08-29T12:55:50Z	fcstor011	dd	seq1m_cached.write	253.0	-	0
2026-08-29T12:55:50Z	fcstor011	dd	seq1m_cached.read	767.0	-	0
2026-08-29T12:55:50Z	fcstor011	fio	warmup-sw	8342.0	-	0
2026-08-29T12:55:50Z	fcstor011	fio	sw-1m	11571.2	11.6k	0
2026-08-29T12:55:50Z	fcstor011	fio	ow-1m	12288.0	12.3k	0
2026-08-29T12:55:50Z	fcstor011	fio	sr-1m	2855.0	2854	0
2026-08-29T12:55:50Z	fcstor011	fio	rw-1m	11980.8	11.9k	0
2026-08-29T12:55:50Z	fcstor011	fio	rr-1m	3219.0	3218	0
2026-08-29T12:55:50Z	fcstor011	fio	rw-128k	12902.4	103k	0
2026-08-29T12:55:50Z	fcstor011	fio	rr-128k	2594.0	20.8k	0
2026-08-29T12:55:50Z	fcstor011	fio	rw-4k	1558.0	399k	0
2026-08-29T12:55:50Z	fcstor011	fio	rr-4k	180.0	46.2k	0
PERF_NODE_DONE host=fcstor011 mode=full 2026-08-29T08:58:57-04:00
