run_id	host	suite	test	bw_mib_s	iops	rc
20260823-063517	fcstor007	dd	seq1m.write	2252.8	-	0
20260823-063517	fcstor007	dd	seq1m.read	3379.2	-	0
20260823-063517	fcstor007	dd	seq1m_cached.write	1433.6	-	0
20260823-063517	fcstor007	dd	seq1m_cached.read	2150.4	-	0
20260823-063517	fcstor007	fio	warmup-sw	2848.0	-	0
20260823-063517	fcstor007	fio	sw-1m	5054.0	5054	0
20260823-063517	fcstor007	fio	ow-1m	5121.0	5120	0
20260823-063517	fcstor007	fio	sr-1m	4550.0	4550	0
20260823-063517	fcstor007	fio	rw-1m	4943.0	4942	0
20260823-063517	fcstor007	fio	rr-1m	4594.0	4594	0
20260823-063517	fcstor007	fio	rw-128k	13619.2	109k	0
20260823-063517	fcstor007	fio	rr-128k	3599.0	28.8k	0
20260823-063517	fcstor007	fio	rw-4k	1554.0	398k	0
20260823-063517	fcstor007	fio	rr-4k	503.0	129k	0
