run_id	host	workers	phase	rw	ops	wall_s	ops_s
20260831-151650	fcstor007	1	mkdir	write	64	0.013	5054.5
20260831-151650	fcstor007	1	create	write	5000	0.177	28277.6
20260831-151650	fcstor007	1	stat	read	5000	0.011	462306.4
20260831-151650	fcstor007	1	getattr	read	5000	0.145	34420.3
20260831-151650	fcstor007	1	readdir	read	5000	0.007	697228.2
20260831-151650	fcstor007	1	setattr	write	10000	0.125	80212.6
20260831-151650	fcstor007	1	rename	write	0	0.125	0.0
20260831-151650	fcstor007	1	unlink	write	5000	0.134	37321.5
20260831-151650	fcstor007	4	mkdir	write	64	0.006	11065.8
20260831-151650	fcstor007	4	create	write	5000	0.058	85571.9
20260831-151650	fcstor007	4	stat	read	5000	0.012	433157.6
20260831-151650	fcstor007	4	getattr	read	5000	0.043	116472.3
20260831-151650	fcstor007	4	readdir	read	5000	0.003	1964745.4
20260831-151650	fcstor007	4	setattr	write	10000	0.040	247252.9
20260831-151650	fcstor007	4	rename	write	0	0.042	0.0
20260831-151650	fcstor007	4	unlink	write	5000	0.051	97119.6
20260831-151650	fcstor007	16	mkdir	write	64	0.009	6967.8
20260831-151650	fcstor007	16	create	write	5000	0.046	108026.7
20260831-151650	fcstor007	16	stat	read	5000	0.015	323790.5
20260831-151650	fcstor007	16	getattr	read	5000	0.025	203549.7
20260831-151650	fcstor007	16	readdir	read	5000	0.003	1906233.1
20260831-151650	fcstor007	16	setattr	write	10000	0.027	366253.5
20260831-151650	fcstor007	16	rename	write	0	0.027	0.0
20260831-151650	fcstor007	16	unlink	write	5000	0.041	123070.1
