run_id	target	host	path	server	suite	test	bw_mib_s	n
20260820-221413	nfs	fcstor007	/orcd/scratch/orcd/001/erbmi1/efs/nfs-fio-baseline	fstor004.ib	dd	seq1m.write	653.0	1
20260820-221413	nfs	fcstor007	/orcd/scratch/orcd/001/erbmi1/efs/nfs-fio-baseline	fstor004.ib	dd	seq1m.read	2969.6	1
20260820-221413	nfs	fcstor007	/orcd/scratch/orcd/001/erbmi1/efs/nfs-fio-baseline	fstor004.ib	dd	seq1m_cached.write	1433.6	1
20260820-221413	nfs	fcstor007	/orcd/scratch/orcd/001/erbmi1/efs/nfs-fio-baseline	fstor004.ib	dd	seq1m_cached.read	2969.6	1
20260820-221413	nfs	fcstor007	/orcd/scratch/orcd/001/erbmi1/efs/nfs-fio-baseline	fstor004.ib	fio	warmup-sw	4457.0	1
20260820-221413	nfs	fcstor007	/orcd/scratch/orcd/001/erbmi1/efs/nfs-fio-baseline	fstor004.ib	fio	sw-1m	5725.0	1
20260820-221413	nfs	fcstor007	/orcd/scratch/orcd/001/erbmi1/efs/nfs-fio-baseline	fstor004.ib	fio	ow-1m	5642.0	1
20260820-221413	nfs	fcstor007	/orcd/scratch/orcd/001/erbmi1/efs/nfs-fio-baseline	fstor004.ib	fio	sr-1m	17817.6	1
20260820-221413	nfs	fcstor007	/orcd/scratch/orcd/001/erbmi1/efs/nfs-fio-baseline	fstor004.ib	fio	rw-1m	5550.0	1
20260820-221413	nfs	fcstor007	/orcd/scratch/orcd/001/erbmi1/efs/nfs-fio-baseline	fstor004.ib	fio	rr-1m	17715.2	1
20260820-221413	nfs	fcstor007	/orcd/scratch/orcd/001/erbmi1/efs/nfs-fio-baseline	fstor004.ib	fio	rw-128k	1914.0	1
20260820-221413	nfs	fcstor007	/orcd/scratch/orcd/001/erbmi1/efs/nfs-fio-baseline	fstor004.ib	fio	rr-128k	7528.0	1
20260820-221413	nfs	fcstor007	/orcd/scratch/orcd/001/erbmi1/efs/nfs-fio-baseline	fstor004.ib	fio	rw-4k	131.0	1
20260820-221413	nfs	fcstor007	/orcd/scratch/orcd/001/erbmi1/efs/nfs-fio-baseline	fstor004.ib	fio	rr-4k	486.0	1
