run_id	host	path	layout	suite	test	bw_mib_s	n
20260820-221902	fcstor005	/data1/05	serial	fio	warmup-sw	2842.0	1
20260820-221902	fcstor004	/data1/03	serial	dd	seq1m_cached.write	2355.2	1
20260820-221902	fcstor006	/data1/03	serial	fio	rw-128k	1706.0	1
20260820-221902	fcstor004	/data1/01	serial	dd	seq1m_cached.write	2355.2	1
20260820-221902	fcstor004	/data1/03	serial	fio	rw-128k	3427.0	1
20260820-221902	fcstor005	/data1/03	parallel	fio	rr-1m	3869.0	1
20260820-221902	fcstor005	/data1/01	parallel	fio	sr-1m	3967.0	1
20260820-221902	fcstor006	/data1/01	serial	fio	warmup-sw	3871.0	1
20260820-221902	fcstor005	/data1/04	parallel	fio	sw-1m	3750.0	1
20260820-221902	fcstor003	/data1/03	parallel	fio	rr-1m	4281.0	1
20260820-221902	fcstor004	/data1/01	parallel	dd	seq1m_cached.write	2355.2	1
20260820-221902	fcstor003	/data1/06	parallel	fio	rw-1m	3152.0	1
20260820-221902	fcstor003	/data1/04	parallel	fio	sw-1m	3761.0	1
20260820-221902	fcstor005	/data1/06	serial	dd	seq1m_cached.write	2457.6	1
20260820-221902	fcstor003	/data1/03	parallel	fio	rw-128k	3870.0	1
20260820-221902	fcstor005	/data1/04	serial	dd	seq1m_cached.write	2457.6	1
20260820-221902	fcstor005	/data1/02	serial	dd	seq1m_cached.write	2457.6	1
20260820-221902	fcstor006	/data1/04	parallel	fio	rr-4k	325.0	1
20260820-221902	fcstor004	/data1/04	parallel	fio	rr-4k	322.0	1
20260820-221902	fcstor006	/data1/03	serial	dd	seq1m_cached.write	2355.2	1
20260820-221902	fcstor004	/data1/04	parallel	fio	warmup-sw	3846.0	1
20260820-221902	fcstor006	/data1/01	serial	dd	seq1m_cached.write	2355.2	1
20260820-221902	fcstor005	/data1/03	parallel	fio	rw-1m	1719.0	1
20260820-221902	fcstor005	/data1/02	serial	fio	rr-128k	5099.0	1
20260820-221902	fcstor003	/data1/03	parallel	fio	rw-1m	3870.0	1
20260820-221902	fcstor003	/data1/02	serial	fio	rr-128k	4444.0	1
20260820-221902	fcstor006	/data1/03	parallel	fio	warmup-sw	3504.0	1
20260820-221902	fcstor006	/data1/06	serial	dd	seq1m.read	2662.4	1
20260820-221902	fcstor004	/data1/05	parallel	fio	rr-128k	3340.0	1
20260820-221902	fcstor005	/data1/04	parallel	dd	seq1m.read	3276.8	1
20260820-221902	fcstor004	/data1/06	serial	fio	sr-1m	3200.0	1
20260820-221902	fcstor003	/data1/02	serial	fio	ow-1m	3741.0	1
20260820-221902	fcstor005	/data1/05	serial	fio	sr-1m	2958.0	1
20260820-221902	fcstor003	/data1/01	parallel	fio	warmup-sw	3850.0	1
20260820-221902	fcstor005	/data1/06	serial	fio	rr-4k	325.0	1
20260820-221902	fcstor004	/data1/01	serial	fio	ow-1m	644.0	1
20260820-221902	fcstor006	/data1/04	parallel	fio	rw-4k	2116.0	1
20260820-221902	fcstor006	/data1/04	serial	fio	sr-1m	3967.0	1
20260820-221902	fcstor005	/data1/01	parallel	fio	rr-128k	5124.0	1
20260820-221902	fcstor006	/data1/05	serial	fio	rr-4k	332.0	1
20260820-221902	fcstor005	/data1/03	serial	fio	rw-128k	3853.0	1
20260820-221902	fcstor003	/data1/03	serial	fio	rw-128k	3850.0	1
20260820-221902	fcstor005	/data1/06	parallel	fio	ow-1m	3790.0	1
20260820-221902	fcstor006	/data1/03	parallel	fio	rr-1m	3836.0	1
20260820-221902	fcstor006	/data1/01	parallel	fio	sr-1m	4416.0	1
20260820-221902	fcstor003	/data1/06	parallel	fio	ow-1m	3032.0	1
20260820-221902	fcstor004	/data1/03	parallel	fio	rr-1m	3916.0	1
20260820-221902	fcstor004	/data1/01	parallel	fio	sr-1m	5098.0	1
20260820-221902	fcstor004	/data1/01	parallel	dd	seq1m.read	3276.8	1
20260820-221902	fcstor006	/data1/06	serial	fio	rr-4k	329.0	1
20260820-221902	fcstor003	/data1/05	serial	dd	seq1m.read	2457.6	1
20260820-221902	fcstor005	/data1/05	parallel	fio	rw-128k	3150.0	1
20260820-221902	fcstor004	/data1/06	serial	fio	sw-1m	3002.0	1
20260820-221902	fcstor005	/data1/05	serial	fio	sw-1m	2986.0	1
20260820-221902	fcstor005	/data1/06	serial	fio	rw-4k	2492.0	1
20260820-221902	fcstor004	/data1/01	serial	dd	seq1m.read	3276.8	1
20260820-221902	fcstor004	/data1/06	serial	fio	warmup-sw	3158.0	1
20260820-221902	fcstor006	/data1/04	serial	fio	sw-1m	3856.0	1
20260820-221902	fcstor005	/data1/04	parallel	fio	rr-4k	328.0	1
20260820-221902	fcstor003	/data1/04	parallel	fio	rr-4k	327.0	1
20260820-221902	fcstor006	/data1/03	parallel	fio	rw-1m	2481.0	1
20260820-221902	fcstor006	/data1/01	parallel	fio	sw-1m	3677.0	1
20260820-221902	fcstor004	/data1/03	parallel	fio	rw-1m	3852.0	1
20260820-221902	fcstor004	/data1/01	parallel	fio	sw-1m	645.0	1
20260820-221902	fcstor005	/data1/02	serial	fio	warmup-sw	3618.0	1
20260820-221902	fcstor006	/data1/06	serial	fio	rw-4k	2386.0	1
20260820-221902	fcstor005	/data1/04	parallel	fio	rw-4k	2141.0	1
20260820-221902	fcstor003	/data1/04	parallel	fio	rw-4k	2097.0	1
20260820-221902	fcstor006	/data1/06	parallel	fio	ow-1m	3149.0	1
20260820-221902	fcstor004	/data1/06	parallel	fio	ow-1m	3150.0	1
20260820-221902	fcstor003	/data1/01	parallel	fio	sr-1m	3676.0	1
20260820-221902	fcstor004	/data1/03	serial	dd	seq1m.write	4096.0	1
20260820-221902	fcstor003	/data1/06	parallel	fio	rr-128k	3367.0	1
20260820-221902	fcstor005	/data1/06	serial	fio	rr-128k	5113.0	1
20260820-221902	fcstor003	/data1/06	serial	fio	rr-128k	3428.0	1
20260820-221902	fcstor004	/data1/06	parallel	dd	seq1m_cached.write	2355.2	1
20260820-221902	fcstor006	/data1/03	parallel	dd	seq1m_cached.write	2355.2	1
20260820-221902	fcstor006	/data1/04	parallel	fio	warmup-sw	3846.0	1
20260820-221902	fcstor006	/data1/01	serial	dd	seq1m_cached.read	11571.2	1
20260820-221902	fcstor006	/data1/03	serial	dd	seq1m.read	3276.8	1
20260820-221902	fcstor004	/data1/02	parallel	fio	rr-128k	4508.0	1
20260820-221902	fcstor003	/data1/06	serial	fio	sr-1m	3230.0	1
20260820-221902	fcstor003	/data1/05	parallel	dd	seq1m.read	2764.8	1
20260820-221902	fcstor005	/data1/01	parallel	fio	sw-1m	3767.0	1
20260820-221902	fcstor003	/data1/04	serial	dd	seq1m.write	3891.2	1
20260820-221902	fcstor003	/data1/02	parallel	fio	warmup-sw	3850.0	1
20260820-221902	fcstor004	/data1/05	serial	fio	sr-1m	3253.0	1
20260820-221902	fcstor003	/data1/01	parallel	fio	sw-1m	3852.0	1
20260820-221902	fcstor003	/data1/01	serial	fio	ow-1m	3556.0	1
20260820-221902	fcstor004	/data1/06	serial	fio	rr-4k	330.0	1
20260820-221902	fcstor005	/data1/04	serial	fio	sr-1m	4103.0	1
20260820-221902	fcstor005	/data1/05	serial	fio	rr-4k	329.0	1
20260820-221902	fcstor006	/data1/03	serial	fio	sr-1m	3690.0	1
20260820-221902	fcstor004	/data1/06	parallel	fio	rw-128k	3140.0	1
20260820-221902	fcstor006	/data1/04	serial	fio	rr-4k	329.0	1
20260820-221902	fcstor005	/data1/01	parallel	fio	warmup-sw	3864.0	1
20260820-221902	fcstor003	/data1/01	parallel	dd	seq1m_cached.read	10137.6	1
20260820-221902	fcstor006	/data1/01	parallel	dd	seq1m_cached.read	12083.2	1
20260820-221902	fcstor006	/data1/01	parallel	fio	rr-4k	328.0	1
20260820-221902	fcstor003	/data1/02	serial	dd	seq1m.read	3174.4	1
20260820-221902	fcstor006	/data1/04	serial	dd	seq1m.write	4096.0	1
20260820-221902	fcstor005	/data1/02	parallel	fio	rw-128k	3865.0	1
20260820-221902	fcstor004	/data1/01	parallel	fio	rr-4k	330.0	1
20260820-221902	fcstor004	/data1/04	parallel	fio	rw-4k	2201.0	1
20260820-221902	fcstor003	/data1/06	serial	fio	sw-1m	3116.0	1
20260820-221902	fcstor004	/data1/05	serial	fio	sw-1m	3132.0	1
20260820-221902	fcstor006	/data1/01	parallel	dd	seq1m.read	2662.4	1
20260820-221902	fcstor004	/data1/03	serial	fio	warmup-sw	3850.0	1
20260820-221902	fcstor004	/data1/06	serial	fio	rw-4k	2416.0	1
20260820-221902	fcstor005	/data1/04	serial	fio	sw-1m	3856.0	1
20260820-221902	fcstor005	/data1/05	serial	fio	rw-4k	2364.0	1
20260820-221902	fcstor006	/data1/06	parallel	dd	seq1m.write	2560.0	1
20260820-221902	fcstor006	/data1/03	serial	fio	sw-1m	3856.0	1
20260820-221902	fcstor003	/data1/03	parallel	dd	seq1m_cached.write	2252.8	1
20260820-221902	fcstor006	/data1/06	serial	fio	rr-128k	3381.0	1
20260820-221902	fcstor004	/data1/06	serial	fio	rr-128k	3424.0	1
20260820-221902	fcstor005	/data1/05	serial	dd	seq1m.write	2457.6	1
20260820-221902	fcstor006	/data1/01	parallel	fio	rw-4k	2160.0	1
20260820-221902	fcstor004	/data1/01	parallel	fio	rw-4k	2324.0	1
20260820-221902	fcstor006	/data1/05	serial	fio	rw-4k	2422.0	1
20260820-221902	fcstor005	/data1/03	parallel	fio	ow-1m	648.0	1
20260820-221902	fcstor004	/data1/01	parallel	dd	seq1m_cached.read	9216.0	1
20260820-221902	fcstor006	/data1/04	parallel	fio	rr-128k	5102.0	1
20260820-221902	fcstor003	/data1/03	parallel	fio	ow-1m	3645.0	1
20260820-221902	fcstor005	/data1/05	parallel	dd	seq1m_cached.write	2355.2	1
20260820-221902	fcstor005	/data1/06	parallel	dd	seq1m.write	1331.2	1
20260820-221902	fcstor005	/data1/05	parallel	fio	sr-1m	3248.0	1
20260820-221902	fcstor003	/data1/05	parallel	fio	sr-1m	3217.0	1
20260820-221902	fcstor005	/data1/01	parallel	fio	rr-4k	320.0	1
20260820-221902	fcstor003	/data1/01	parallel	fio	rr-4k	329.0	1
20260820-221902	fcstor005	/data1/04	serial	dd	seq1m.read	3276.8	1
20260820-221902	fcstor003	/data1/03	parallel	fio	rr-128k	4976.0	1
20260820-221902	fcstor004	/data1/06	parallel	dd	seq1m.write	2662.4	1
20260820-221902	fcstor006	/data1/05	serial	fio	warmup-sw	3846.0	1
20260820-221902	fcstor005	/data1/01	parallel	dd	seq1m_cached.read	10649.6	1
20260820-221902	fcstor004	/data1/05	parallel	fio	warmup-sw	3168.0	1
20260820-221902	fcstor003	/data1/02	parallel	dd	seq1m_cached.read	9932.8	1
20260820-221902	fcstor005	/data1/05	parallel	fio	sw-1m	3160.0	1
20260820-221902	fcstor006	/data1/02	parallel	dd	seq1m_cached.read	10752.0	1
20260820-221902	fcstor003	/data1/05	serial	fio	sr-1m	2907.0	1
20260820-221902	fcstor003	/data1/06	serial	fio	rr-4k	329.0	1
20260820-221902	fcstor004	/data1/02	parallel	dd	seq1m_cached.write	2252.8	1
20260820-221902	fcstor004	/data1/04	serial	fio	sr-1m	5581.0	1
20260820-221902	fcstor005	/data1/01	parallel	fio	rw-4k	2230.0	1
20260820-221902	fcstor003	/data1/06	parallel	dd	seq1m.write	2662.4	1
20260820-221902	fcstor004	/data1/05	serial	fio	rr-4k	329.0	1
20260820-221902	fcstor004	/data1/03	parallel	fio	rw-128k	3864.0	1
20260820-221902	fcstor003	/data1/01	parallel	fio	rw-4k	2128.0	1
20260820-221902	fcstor005	/data1/03	serial	fio	sr-1m	4077.0	1
20260820-221902	fcstor006	/data1/03	parallel	fio	ow-1m	3567.0	1
20260820-221902	fcstor005	/data1/05	parallel	dd	seq1m.read	2764.8	1
20260820-221902	fcstor005	/data1/04	serial	fio	rr-4k	330.0	1
20260820-221902	fcstor005	/data1/02	parallel	fio	warmup-sw	3846.0	1
20260820-221902	fcstor004	/data1/03	parallel	fio	ow-1m	3716.0	1
20260820-221902	fcstor006	/data1/02	serial	fio	sr-1m	4056.0	1
20260820-221902	fcstor006	/data1/03	serial	fio	rr-4k	332.0	1
20260820-221902	fcstor003	/data1/04	serial	fio	warmup-sw	3580.0	1
20260820-221902	fcstor006	/data1/05	parallel	fio	sr-1m	3974.0	1
20260820-221902	fcstor005	/data1/03	serial	fio	rr-128k	5128.0	1
20260820-221902	fcstor006	/data1/04	parallel	dd	seq1m.write	4198.4	1
20260820-221902	fcstor004	/data1/05	parallel	fio	sr-1m	2922.0	1
20260820-221902	fcstor003	/data1/03	serial	fio	rr-128k	5123.0	1
20260820-221902	fcstor003	/data1/05	serial	fio	sw-1m	2990.0	1
20260820-221902	fcstor003	/data1/06	serial	fio	rw-4k	2414.0	1
20260820-221902	fcstor006	/data1/02	serial	dd	seq1m_cached.read	11571.2	1
20260820-221902	fcstor004	/data1/02	parallel	dd	seq1m.read	2457.6	1
20260820-221902	fcstor004	/data1/04	serial	fio	sw-1m	3869.0	1
20260820-221902	fcstor004	/data1/02	parallel	dd	seq1m_cached.read	11366.4	1
20260820-221902	fcstor004	/data1/05	serial	fio	rw-4k	2398.0	1
20260820-221902	fcstor005	/data1/03	serial	fio	sw-1m	3566.0	1
20260820-221902	fcstor005	/data1/04	serial	fio	rw-4k	2492.0	1
20260820-221902	fcstor005	/data1/05	parallel	fio	rr-128k	3427.0	1
20260820-221902	fcstor006	/data1/02	serial	fio	sw-1m	3795.0	1
20260820-221902	fcstor004	/data1/02	parallel	dd	seq1m.write	3788.8	1
20260820-221902	fcstor005	/data1/01	serial	dd	seq1m_cached.read	11571.2	1
20260820-221902	fcstor005	/data1/04	parallel	dd	seq1m.write	4198.4	1
20260820-221902	fcstor006	/data1/01	parallel	fio	rr-128k	4979.0	1
20260820-221902	fcstor006	/data1/04	parallel	fio	rr-1m	3863.0	1
20260820-221902	fcstor006	/data1/05	parallel	fio	sw-1m	1632.0	1
20260820-221902	fcstor004	/data1/04	parallel	fio	rr-1m	3695.0	1
20260820-221902	fcstor006	/data1/04	serial	fio	rw-4k	2401.0	1
20260820-221902	fcstor004	/data1/05	parallel	fio	sw-1m	3096.0	1
20260820-221902	fcstor006	/data1/03	serial	dd	seq1m_cached.read	11366.4	1
20260820-221902	fcstor005	/data1/01	serial	dd	seq1m.write	4198.4	1
20260820-221902	fcstor004	/data1/05	serial	dd	seq1m.read	2764.8	1
20260820-221902	fcstor006	/data1/05	parallel	fio	rw-128k	1158.0	1
20260820-221902	fcstor003	/data1/02	parallel	dd	seq1m.write	4198.4	1
20260820-221902	fcstor005	/data1/01	parallel	dd	seq1m_cached.write	2355.2	1
20260820-221902	fcstor005	/data1/02	serial	dd	seq1m_cached.read	11571.2	1
20260820-221902	fcstor004	/data1/04	parallel	dd	seq1m.write	4198.4	1
20260820-221902	fcstor005	/data1/02	parallel	dd	seq1m_cached.read	11776.0	1
20260820-221902	fcstor003	/data1/01	parallel	fio	rw-128k	3867.0	1
20260820-221902	fcstor005	/data1/01	serial	dd	seq1m.read	3276.8	1
20260820-221902	fcstor005	/data1/06	serial	fio	warmup-sw	3571.0	1
20260820-221902	fcstor006	/data1/03	parallel	dd	seq1m_cached.read	10854.4	1
20260820-221902	fcstor005	/data1/06	serial	fio	rr-1m	4338.0	1
20260820-221902	fcstor006	/data1/04	parallel	fio	rw-1m	3599.0	1
20260820-221902	fcstor006	/data1/03	serial	fio	rr-128k	5110.0	1
20260820-221902	fcstor006	/data1/05	serial	fio	rr-1m	3831.0	1
20260820-221902	fcstor004	/data1/03	serial	fio	rr-128k	5125.0	1
20260820-221902	fcstor004	/data1/06	serial	dd	seq1m.write	2662.4	1
20260820-221902	fcstor006	/data1/02	serial	fio	warmup-sw	3568.0	1
20260820-221902	fcstor004	/data1/02	serial	dd	seq1m.write	4096.0	1
20260820-221902	fcstor004	/data1/06	parallel	fio	warmup-sw	3148.0	1
20260820-221902	fcstor003	/data1/04	parallel	fio	rw-128k	3856.0	1
20260820-221902	fcstor003	/data1/04	parallel	dd	seq1m.write	4198.4	1
20260820-221902	fcstor006	/data1/06	serial	fio	rr-1m	3201.0	1
20260820-221902	fcstor006	/data1/04	serial	fio	rw-128k	3853.0	1
20260820-221902	fcstor003	/data1/04	serial	fio	sr-1m	3887.0	1
20260820-221902	fcstor006	/data1/05	parallel	fio	warmup-sw	3399.0	1
20260820-221902	fcstor004	/data1/04	serial	fio	rw-128k	3470.0	1
20260820-221902	fcstor003	/data1/05	serial	fio	rr-4k	329.0	1
20260820-221902	fcstor005	/data1/06	serial	fio	rw-1m	3856.0	1
20260820-221902	fcstor004	/data1/03	serial	fio	sr-1m	3570.0	1
20260820-221902	fcstor005	/data1/02	parallel	fio	sr-1m	3601.0	1
20260820-221902	fcstor005	/data1/04	parallel	fio	rr-1m	4053.0	1
20260820-221902	fcstor004	/data1/04	serial	fio	rr-4k	324.0	1
20260820-221902	fcstor005	/data1/02	serial	fio	sr-1m	3800.0	1
20260820-221902	fcstor003	/data1/04	parallel	fio	rr-1m	4013.0	1
20260820-221902	fcstor003	/data1/02	parallel	fio	sr-1m	3963.0	1
20260820-221902	fcstor003	/data1/06	parallel	dd	seq1m.read	2662.4	1
20260820-221902	fcstor003	/data1/03	parallel	fio	warmup-sw	3609.0	1
20260820-221902	fcstor003	/data1/01	serial	fio	warmup-sw	3850.0	1
20260820-221902	fcstor003	/data1/05	parallel	fio	sw-1m	3153.0	1
20260820-221902	fcstor005	/data1/03	serial	fio	rr-4k	332.0	1
20260820-221902	fcstor006	/data1/02	parallel	dd	seq1m.write	4096.0	1
20260820-221902	fcstor004	/data1/03	parallel	dd	seq1m_cached.read	10342.4	1
20260820-221902	fcstor006	/data1/01	serial	fio	sr-1m	3692.0	1
20260820-221902	fcstor006	/data1/02	serial	fio	rr-4k	322.0	1
20260820-221902	fcstor006	/data1/06	serial	fio	rw-1m	2971.0	1
20260820-221902	fcstor004	/data1/06	parallel	fio	rr-128k	3360.0	1
20260820-221902	fcstor006	/data1/05	parallel	fio	rr-4k	329.0	1
20260820-221902	fcstor004	/data1/03	parallel	dd	seq1m.read	3276.8	1
20260820-221902	fcstor004	/data1/05	parallel	fio	rr-4k	324.0	1
20260820-221902	fcstor003	/data1/04	serial	fio	sw-1m	3697.0	1
20260820-221902	fcstor003	/data1/05	serial	fio	rw-4k	2412.0	1
20260820-221902	fcstor006	/data1/03	serial	dd	seq1m.write	4198.4	1
20260820-221902	fcstor006	/data1/04	parallel	dd	seq1m_cached.write	2252.8	1
20260820-221902	fcstor004	/data1/03	serial	fio	sw-1m	3849.0	1
20260820-221902	fcstor005	/data1/02	parallel	fio	rr-128k	5055.0	1
20260820-221902	fcstor005	/data1/02	parallel	dd	seq1m.write	3891.2	1
20260820-221902	fcstor005	/data1/02	parallel	fio	sw-1m	3578.0	1
20260820-221902	fcstor005	/data1/04	parallel	fio	rw-1m	3569.0	1
20260820-221902	fcstor004	/data1/04	serial	fio	rw-4k	2443.0	1
20260820-221902	fcstor005	/data1/02	serial	fio	sw-1m	3556.0	1
20260820-221902	fcstor003	/data1/04	parallel	fio	rw-1m	3856.0	1
20260820-221902	fcstor003	/data1/02	parallel	fio	sw-1m	3775.0	1
20260820-221902	fcstor005	/data1/03	serial	fio	rw-4k	2418.0	1
20260820-221902	fcstor006	/data1/02	parallel	dd	seq1m.read	3276.8	1
20260820-221902	fcstor006	/data1/01	serial	fio	sw-1m	3865.0	1
20260820-221902	fcstor003	/data1/06	serial	dd	seq1m.read	2560.0	1
20260820-221902	fcstor005	/data1/06	parallel	fio	rw-128k	3578.0	1
20260820-221902	fcstor005	/data1/03	parallel	dd	seq1m_cached.read	10240.0	1
20260820-221902	fcstor006	/data1/05	parallel	fio	rw-4k	1039.0	1
20260820-221902	fcstor006	/data1/03	serial	fio	rw-4k	647.0	1
20260820-221902	fcstor006	/data1/04	parallel	dd	seq1m_cached.read	10649.6	1
20260820-221902	fcstor004	/data1/05	parallel	fio	rw-4k	2051.0	1
20260820-221902	fcstor005	/data1/04	serial	fio	rw-128k	3851.0	1
20260820-221902	fcstor004	/data1/02	serial	dd	seq1m.read	3276.8	1
20260820-221902	fcstor006	/data1/02	parallel	fio	rw-128k	3430.0	1
20260820-221902	fcstor003	/data1/04	serial	fio	rw-128k	3869.0	1
20260820-221902	fcstor006	/data1/02	parallel	fio	sr-1m	3843.0	1
20260820-221902	fcstor004	/data1/02	parallel	fio	sr-1m	4370.0	1
20260820-221902	fcstor005	/data1/03	serial	fio	warmup-sw	3747.0	1
20260820-221902	fcstor006	/data1/06	serial	fio	ow-1m	3100.0	1
20260820-221902	fcstor004	/data1/06	serial	fio	rr-1m	2861.0	1
20260820-221902	fcstor005	/data1/05	serial	fio	rr-1m	3177.0	1
20260820-221902	fcstor003	/data1/04	parallel	dd	seq1m_cached.write	2252.8	1
20260820-221902	fcstor006	/data1/04	serial	fio	rr-1m	3830.0	1
20260820-221902	fcstor005	/data1/05	parallel	fio	rr-4k	326.0	1
20260820-221902	fcstor005	/data1/01	serial	fio	rw-128k	3487.0	1
20260820-221902	fcstor003	/data1/05	parallel	fio	rr-4k	321.0	1
20260820-221902	fcstor003	/data1/03	parallel	dd	seq1m_cached.read	11776.0	1
20260820-221902	fcstor003	/data1/01	serial	fio	rw-128k	3788.0	1
20260820-221902	fcstor006	/data1/01	parallel	fio	rr-1m	4526.0	1
20260820-221902	fcstor006	/data1/02	parallel	fio	sw-1m	3855.0	1
20260820-221902	fcstor004	/data1/01	parallel	fio	rr-1m	5370.0	1
20260820-221902	fcstor006	/data1/04	serial	dd	seq1m_cached.read	11264.0	1
20260820-221902	fcstor004	/data1/04	parallel	dd	seq1m_cached.read	9932.8	1
20260820-221902	fcstor004	/data1/04	parallel	fio	rw-1m	3776.0	1
20260820-221902	fcstor004	/data1/02	parallel	fio	sw-1m	3560.0	1
20260820-221902	fcstor005	/data1/06	parallel	dd	seq1m_cached.write	2355.2	1
20260820-221902	fcstor004	/data1/01	serial	dd	seq1m_cached.read	11059.2	1
20260820-221902	fcstor003	/data1/03	serial	fio	sr-1m	3902.0	1
20260820-221902	fcstor004	/data1/06	serial	fio	rw-1m	3150.0	1
20260820-221902	fcstor003	/data1/04	serial	fio	rr-4k	332.0	1
20260820-221902	fcstor005	/data1/05	serial	fio	rw-1m	3148.0	1
20260820-221902	fcstor004	/data1/02	serial	fio	sr-1m	4114.0	1
20260820-221902	fcstor005	/data1/03	serial	dd	seq1m_cached.read	11571.2	1
20260820-221902	fcstor004	/data1/03	serial	fio	rr-4k	331.0	1
20260820-221902	fcstor005	/data1/02	parallel	fio	rr-4k	321.0	1
20260820-221902	fcstor005	/data1/01	serial	fio	sr-1m	3683.0	1
20260820-221902	fcstor005	/data1/05	parallel	fio	rw-4k	2108.0	1
20260820-221902	fcstor005	/data1/02	serial	fio	rr-4k	323.0	1
20260820-221902	fcstor003	/data1/05	parallel	fio	rw-4k	2025.0	1
20260820-221902	fcstor006	/data1/01	parallel	fio	rw-1m	3820.0	1
20260820-221902	fcstor006	/data1/01	serial	fio	rr-4k	332.0	1
20260820-221902	fcstor006	/data1/04	serial	dd	seq1m.read	3276.8	1
20260820-221902	fcstor005	/data1/06	parallel	dd	seq1m.read	2969.6	1
20260820-221902	fcstor004	/data1/03	parallel	fio	rr-128k	5101.0	1
20260820-221902	fcstor004	/data1/01	parallel	fio	rw-1m	3850.0	1
20260820-221902	fcstor005	/data1/03	parallel	fio	warmup-sw	649.0	1
20260820-221902	fcstor004	/data1/02	serial	dd	seq1m_cached.read	11059.2	1
20260820-221902	fcstor006	/data1/05	serial	fio	rw-1m	2359.0	1
20260820-221902	fcstor003	/data1/03	serial	dd	seq1m.write	3788.8	1
20260820-221902	fcstor005	/data1/04	parallel	dd	seq1m_cached.read	10854.4	1
20260820-221902	fcstor003	/data1/03	serial	fio	sw-1m	3537.0	1
20260820-221902	fcstor003	/data1/04	serial	fio	rw-4k	2456.0	1
20260820-221902	fcstor004	/data1/02	serial	fio	sw-1m	3851.0	1
20260820-221902	fcstor006	/data1/03	parallel	dd	seq1m.read	2662.4	1
20260820-221902	fcstor004	/data1/03	serial	fio	rw-4k	2417.0	1
20260820-221902	fcstor005	/data1/01	serial	fio	sw-1m	3852.0	1
20260820-221902	fcstor006	/data1/01	serial	fio	rw-128k	3671.0	1
20260820-221902	fcstor005	/data1/02	serial	fio	rw-4k	2461.0	1
20260820-221902	fcstor004	/data1/01	serial	fio	rw-128k	3381.0	1
20260820-221902	fcstor004	/data1/03	parallel	dd	seq1m_cached.write	2355.2	1
20260820-221902	fcstor006	/data1/04	parallel	fio	ow-1m	3723.0	1
20260820-221902	fcstor003	/data1/03	serial	dd	seq1m.read	2764.8	1
20260820-221902	fcstor003	/data1/01	parallel	dd	seq1m.read	3276.8	1
20260820-221902	fcstor006	/data1/01	serial	fio	rw-4k	2460.0	1
20260820-221902	fcstor005	/data1/03	parallel	fio	rw-128k	3850.0	1
20260820-221902	fcstor004	/data1/04	parallel	fio	ow-1m	3852.0	1
20260820-221902	fcstor005	/data1/01	parallel	fio	rr-1m	3638.0	1
20260820-221902	fcstor003	/data1/01	parallel	fio	rr-1m	3512.0	1
20260820-221902	fcstor004	/data1/04	serial	fio	warmup-sw	3864.0	1
20260820-221902	fcstor006	/data1/02	serial	fio	rw-4k	2461.0	1
20260820-221902	fcstor006	/data1/02	parallel	fio	rr-4k	329.0	1
20260820-221902	fcstor003	/data1/04	parallel	dd	seq1m_cached.read	11468.8	1
20260820-221902	fcstor004	/data1/02	parallel	fio	rr-4k	329.0	1
20260820-221902	fcstor005	/data1/06	serial	fio	ow-1m	3664.0	1
20260820-221902	fcstor005	/data1/04	serial	dd	seq1m.write	4198.4	1
20260820-221902	fcstor004	/data1/05	parallel	dd	seq1m_cached.read	10854.4	1
20260820-221902	fcstor003	/data1/06	serial	fio	rr-1m	3062.0	1
20260820-221902	fcstor006	/data1/05	serial	fio	ow-1m	3568.0	1
20260820-221902	fcstor005	/data1/01	parallel	fio	rw-1m	3762.0	1
20260820-221902	fcstor004	/data1/05	serial	fio	rr-1m	3111.0	1
20260820-221902	fcstor003	/data1/01	parallel	fio	rw-1m	3752.0	1
20260820-221902	fcstor006	/data1/05	parallel	fio	rr-128k	5019.0	1
20260820-221902	fcstor005	/data1/04	serial	fio	rr-1m	3819.0	1
20260820-221902	fcstor006	/data1/03	serial	fio	rr-1m	3809.0	1
20260820-221902	fcstor006	/data1/02	parallel	fio	rw-4k	2198.0	1
20260820-221902	fcstor004	/data1/05	serial	dd	seq1m.write	2662.4	1
20260820-221902	fcstor004	/data1/02	parallel	fio	rw-4k	1553.0	1
20260820-221902	fcstor003	/data1/06	serial	fio	rw-1m	2910.0	1
20260820-221902	fcstor005	/data1/04	parallel	fio	ow-1m	3535.0	1
20260820-221902	fcstor003	/data1/04	parallel	fio	ow-1m	3637.0	1
20260820-221902	fcstor005	/data1/05	serial	dd	seq1m.read	2457.6	1
20260820-221902	fcstor004	/data1/05	serial	fio	rw-1m	3115.0	1
20260820-221902	fcstor003	/data1/02	serial	fio	sr-1m	3607.0	1
20260820-221902	fcstor003	/data1/04	parallel	fio	rr-128k	5107.0	1
20260820-221902	fcstor005	/data1/02	parallel	dd	seq1m_cached.write	2355.2	1
20260820-221902	fcstor003	/data1/03	serial	fio	rr-4k	332.0	1
20260820-221902	fcstor005	/data1/04	serial	fio	rw-1m	3852.0	1
20260820-221902	fcstor004	/data1/01	serial	fio	sr-1m	3699.0	1
20260820-221902	fcstor005	/data1/05	parallel	dd	seq1m_cached.read	10854.4	1
20260820-221902	fcstor004	/data1/02	serial	fio	rr-4k	330.0	1
20260820-221902	fcstor006	/data1/06	parallel	fio	warmup-sw	3153.0	1
20260820-221902	fcstor004	/data1/01	parallel	fio	rw-128k	3852.0	1
20260820-221902	fcstor006	/data1/04	serial	fio	rr-128k	5113.0	1
20260820-221902	fcstor006	/data1/01	serial	dd	seq1m.read	3174.4	1
20260820-221902	fcstor005	/data1/01	serial	fio	rr-4k	331.0	1
20260820-221902	fcstor006	/data1/06	serial	fio	warmup-sw	3156.0	1
20260820-221902	fcstor005	/data1/06	parallel	fio	sr-1m	3458.0	1
20260820-221902	fcstor003	/data1/06	parallel	fio	sr-1m	3114.0	1
20260820-221902	fcstor003	/data1/04	parallel	fio	warmup-sw	3868.0	1
20260820-221902	fcstor006	/data1/04	serial	fio	rw-1m	3853.0	1
20260820-221902	fcstor003	/data1/02	parallel	fio	rr-4k	327.0	1
20260820-221902	fcstor006	/data1/05	serial	dd	seq1m_cached.read	11161.6	1
20260820-221902	fcstor004	/data1/04	parallel	fio	rw-128k	3784.0	1
20260820-221902	fcstor003	/data1/02	serial	fio	sw-1m	3867.0	1
20260820-221902	fcstor003	/data1/03	serial	fio	rw-4k	2461.0	1
20260820-221902	fcstor004	/data1/01	serial	fio	sw-1m	642.0	1
20260820-221902	fcstor004	/data1/04	parallel	dd	seq1m.read	2764.8	1
20260820-221902	fcstor004	/data1/01	parallel	fio	warmup-sw	645.0	1
20260820-221902	fcstor004	/data1/02	serial	fio	rw-4k	2421.0	1
20260820-221902	fcstor006	/data1/06	serial	dd	seq1m.write	2662.4	1
20260820-221902	fcstor003	/data1/05	serial	fio	warmup-sw	2964.0	1
20260820-221902	fcstor005	/data1/01	serial	fio	rw-4k	2420.0	1
20260820-221902	fcstor005	/data1/06	parallel	fio	sw-1m	1827.0	1
20260820-221902	fcstor005	/data1/04	serial	dd	seq1m_cached.read	11468.8	1
20260820-221902	fcstor003	/data1/06	parallel	fio	sw-1m	3081.0	1
20260820-221902	fcstor003	/data1/05	parallel	dd	seq1m_cached.read	10752.0	1
20260820-221902	fcstor006	/data1/05	parallel	dd	seq1m_cached.read	11878.4	1
20260820-221902	fcstor003	/data1/01	serial	dd	seq1m_cached.read	11878.4	1
20260820-221902	fcstor004	/data1/06	parallel	dd	seq1m_cached.read	11161.6	1
20260820-221902	fcstor004	/data1/01	serial	fio	warmup-sw	3850.0	1
20260820-221902	fcstor005	/data1/02	parallel	fio	rw-4k	2189.0	1
20260820-221902	fcstor006	/data1/06	serial	dd	seq1m_cached.read	11264.0	1
20260820-221902	fcstor005	/data1/01	parallel	dd	seq1m.read	3276.8	1
20260820-221902	fcstor003	/data1/02	parallel	fio	rw-4k	2000.0	1
20260820-221902	fcstor004	/data1/03	serial	dd	seq1m_cached.read	11571.2	1
20260820-221902	fcstor005	/data1/06	parallel	fio	rr-128k	4444.0	1
20260820-221902	fcstor004	/data1/06	serial	fio	ow-1m	3101.0	1
20260820-221902	fcstor006	/data1/06	parallel	fio	sr-1m	3262.0	1
20260820-221902	fcstor005	/data1/05	serial	fio	ow-1m	3150.0	1
20260820-221902	fcstor005	/data1/04	serial	fio	rr-128k	5128.0	1
20260820-221902	fcstor006	/data1/05	parallel	dd	seq1m_cached.write	2252.8	1
20260820-221902	fcstor003	/data1/02	serial	dd	seq1m_cached.read	11264.0	1
20260820-221902	fcstor003	/data1/05	serial	fio	rr-1m	2858.0	1
20260820-221902	fcstor004	/data1/06	parallel	fio	sr-1m	3199.0	1
20260820-221902	fcstor006	/data1/02	parallel	fio	rr-128k	5080.0	1
20260820-221902	fcstor003	/data1/04	serial	fio	rr-128k	5137.0	1
20260820-221902	fcstor006	/data1/04	serial	fio	ow-1m	3856.0	1
20260820-221902	fcstor004	/data1/04	serial	fio	rr-1m	5181.0	1
20260820-221902	fcstor005	/data1/03	serial	fio	rr-1m	3957.0	1
20260820-221902	fcstor006	/data1/01	parallel	fio	ow-1m	3582.0	1
20260820-221902	fcstor004	/data1/01	parallel	fio	ow-1m	3470.0	1
20260820-221902	fcstor006	/data1/02	serial	fio	rr-1m	3814.0	1
20260820-221902	fcstor004	/data1/06	serial	dd	seq1m.read	2560.0	1
20260820-221902	fcstor006	/data1/06	parallel	fio	rw-128k	3012.0	1
20260820-221902	fcstor005	/data1/06	parallel	dd	seq1m_cached.read	10649.6	1
20260820-221902	fcstor005	/data1/05	serial	fio	rw-128k	3148.0	1
20260820-221902	fcstor003	/data1/05	serial	fio	rw-128k	3149.0	1
20260820-221902	fcstor006	/data1/03	parallel	fio	sr-1m	3968.0	1
20260820-221902	fcstor006	/data1/05	parallel	fio	rr-1m	3710.0	1
20260820-221902	fcstor006	/data1/06	parallel	fio	sw-1m	3092.0	1
20260820-221902	fcstor005	/data1/02	serial	dd	seq1m.read	2560.0	1
20260820-221902	fcstor003	/data1/01	parallel	fio	rr-128k	5122.0	1
20260820-221902	fcstor004	/data1/05	parallel	fio	rr-1m	3214.0	1
20260820-221902	fcstor004	/data1/03	parallel	fio	sr-1m	4166.0	1
20260820-221902	fcstor003	/data1/05	serial	fio	rw-1m	3099.0	1
20260820-221902	fcstor004	/data1/06	parallel	fio	sw-1m	3152.0	1
20260820-221902	fcstor003	/data1/01	serial	fio	sr-1m	3915.0	1
20260820-221902	fcstor004	/data1/04	serial	fio	rw-1m	3758.0	1
20260820-221902	fcstor003	/data1/02	serial	fio	rr-4k	331.0	1
20260820-221902	fcstor005	/data1/03	serial	fio	rw-1m	3857.0	1
20260820-221902	fcstor006	/data1/03	serial	fio	warmup-sw	3846.0	1
20260820-221902	fcstor004	/data1/01	serial	fio	rr-4k	324.0	1
20260820-221902	fcstor004	/data1/01	serial	dd	seq1m.write	4096.0	1
20260820-221902	fcstor003	/data1/05	parallel	fio	rw-128k	3146.0	1
20260820-221902	fcstor003	/data1/05	parallel	fio	warmup-sw	3148.0	1
20260820-221902	fcstor003	/data1/05	parallel	dd	seq1m_cached.write	2252.8	1
20260820-221902	fcstor005	/data1/06	parallel	fio	rr-4k	330.0	1
20260820-221902	fcstor003	/data1/06	parallel	fio	rr-4k	323.0	1
20260820-221902	fcstor006	/data1/03	parallel	fio	sw-1m	1174.0	1
20260820-221902	fcstor006	/data1/05	parallel	fio	rw-1m	741.0	1
20260820-221902	fcstor006	/data1/03	serial	fio	rw-1m	3853.0	1
20260820-221902	fcstor003	/data1/06	parallel	dd	seq1m_cached.read	10137.6	1
20260820-221902	fcstor004	/data1/05	parallel	fio	rw-1m	3054.0	1
20260820-221902	fcstor006	/data1/06	parallel	dd	seq1m_cached.read	10342.4	1
20260820-221902	fcstor005	/data1/04	parallel	fio	warmup-sw	3890.0	1
20260820-221902	fcstor004	/data1/04	serial	fio	rr-128k	5077.0	1
20260820-221902	fcstor003	/data1/06	serial	dd	seq1m.write	2457.6	1
20260820-221902	fcstor003	/data1/01	serial	fio	sw-1m	3760.0	1
20260820-221902	fcstor003	/data1/02	serial	fio	warmup-sw	3871.0	1
20260820-221902	fcstor003	/data1/02	serial	fio	rw-4k	2468.0	1
20260820-221902	fcstor005	/data1/01	parallel	fio	ow-1m	3852.0	1
20260820-221902	fcstor004	/data1/01	serial	fio	rw-4k	2446.0	1
20260820-221902	fcstor003	/data1/01	parallel	fio	ow-1m	3857.0	1
20260820-221902	fcstor006	/data1/04	parallel	dd	seq1m.read	3276.8	1
20260820-221902	fcstor006	/data1/01	parallel	fio	warmup-sw	3516.0	1
20260820-221902	fcstor005	/data1/06	parallel	fio	rw-4k	1649.0	1
20260820-221902	fcstor006	/data1/05	serial	fio	rw-128k	2248.0	1
20260820-221902	fcstor004	/data1/05	serial	fio	rw-128k	3002.0	1
20260820-221902	fcstor006	/data1/01	serial	fio	rr-128k	4610.0	1
20260820-221902	fcstor003	/data1/02	parallel	dd	seq1m.read	3276.8	1
20260820-221902	fcstor005	/data1/03	parallel	fio	sr-1m	4036.0	1
20260820-221902	fcstor005	/data1/05	parallel	fio	rr-1m	3181.0	1
20260820-221902	fcstor004	/data1/01	serial	fio	rr-128k	5120.0	1
20260820-221902	fcstor006	/data1/02	serial	dd	seq1m.write	3686.4	1
20260820-221902	fcstor003	/data1/05	parallel	fio	rr-1m	3175.0	1
20260820-221902	fcstor003	/data1/03	parallel	fio	sr-1m	3532.0	1
20260820-221902	fcstor005	/data1/03	parallel	fio	rr-128k	5095.0	1
20260820-221902	fcstor006	/data1/05	parallel	dd	seq1m.write	3686.4	1
20260820-221902	fcstor003	/data1/06	serial	fio	ow-1m	3152.0	1
20260820-221902	fcstor004	/data1/05	serial	fio	ow-1m	2945.0	1
20260820-221902	fcstor005	/data1/04	serial	fio	ow-1m	3852.0	1
20260820-221902	fcstor006	/data1/06	parallel	fio	rr-4k	326.0	1
20260820-221902	fcstor003	/data1/04	serial	fio	rr-1m	3839.0	1
20260820-221902	fcstor004	/data1/06	parallel	fio	rr-4k	327.0	1
20260820-221902	fcstor006	/data1/03	serial	fio	ow-1m	3730.0	1
20260820-221902	fcstor004	/data1/03	serial	fio	rr-1m	3680.0	1
20260820-221902	fcstor005	/data1/02	parallel	fio	rr-1m	3884.0	1
20260820-221902	fcstor005	/data1/05	serial	dd	seq1m_cached.read	11264.0	1
20260820-221902	fcstor005	/data1/05	parallel	dd	seq1m.write	2662.4	1
20260820-221902	fcstor004	/data1/04	parallel	dd	seq1m_cached.write	2252.8	1
20260820-221902	fcstor006	/data1/01	parallel	dd	seq1m_cached.write	2252.8	1
20260820-221902	fcstor005	/data1/03	parallel	fio	sw-1m	647.0	1
20260820-221902	fcstor005	/data1/05	parallel	fio	rw-1m	3152.0	1
20260820-221902	fcstor005	/data1/02	serial	fio	rr-1m	3680.0	1
20260820-221902	fcstor004	/data1/03	serial	dd	seq1m.read	3379.2	1
20260820-221902	fcstor006	/data1/03	parallel	fio	rw-128k	1339.0	1
20260820-221902	fcstor003	/data1/05	parallel	fio	rw-1m	3094.0	1
20260820-221902	fcstor003	/data1/03	parallel	fio	sw-1m	3753.0	1
20260820-221902	fcstor006	/data1/01	serial	fio	rr-1m	3404.0	1
20260820-221902	fcstor005	/data1/04	serial	fio	warmup-sw	3846.0	1
20260820-221902	fcstor004	/data1/04	serial	dd	seq1m_cached.read	10956.8	1
20260820-221902	fcstor006	/data1/06	parallel	fio	rw-4k	2095.0	1
20260820-221902	fcstor003	/data1/04	serial	fio	rw-1m	3804.0	1
20260820-221902	fcstor004	/data1/05	parallel	dd	seq1m.write	2662.4	1
20260820-221902	fcstor005	/data1/06	serial	dd	seq1m_cached.read	11264.0	1
20260820-221902	fcstor004	/data1/06	parallel	fio	rw-4k	2057.0	1
20260820-221902	fcstor004	/data1/03	serial	fio	rw-1m	3856.0	1
20260820-221902	fcstor003	/data1/01	serial	fio	rr-4k	322.0	1
20260820-221902	fcstor003	/data1/03	serial	dd	seq1m_cached.read	11878.4	1
20260820-221902	fcstor003	/data1/02	parallel	fio	rw-128k	3852.0	1
20260820-221902	fcstor005	/data1/02	serial	fio	rw-1m	3606.0	1
20260820-221902	fcstor005	/data1/01	serial	fio	rr-128k	4768.0	1
20260820-221902	fcstor003	/data1/01	serial	fio	rr-128k	4910.0	1
20260820-221902	fcstor006	/data1/01	serial	fio	rw-1m	3780.0	1
20260820-221902	fcstor005	/data1/05	parallel	fio	warmup-sw	3160.0	1
20260820-221902	fcstor003	/data1/05	parallel	dd	seq1m.write	2560.0	1
20260820-221902	fcstor006	/data1/02	serial	fio	rw-1m	3856.0	1
20260820-221902	fcstor003	/data1/01	parallel	dd	seq1m_cached.write	2355.2	1
20260820-221902	fcstor005	/data1/02	serial	fio	rw-128k	3779.0	1
20260820-221902	fcstor003	/data1/02	serial	fio	rw-128k	3410.0	1
20260820-221902	fcstor006	/data1/02	parallel	fio	rr-1m	3762.0	1
20260820-221902	fcstor003	/data1/01	serial	fio	rw-4k	2444.0	1
20260820-221902	fcstor004	/data1/02	parallel	fio	rr-1m	4092.0	1
20260820-221902	fcstor004	/data1/03	parallel	fio	sw-1m	3849.0	1
20260820-221902	fcstor006	/data1/05	serial	dd	seq1m.read	3276.8	1
20260820-221902	fcstor004	/data1/04	parallel	fio	rr-128k	5105.0	1
20260820-221902	fcstor005	/data1/03	parallel	dd	seq1m_cached.write	2457.6	1
20260820-221902	fcstor004	/data1/05	parallel	dd	seq1m.read	2764.8	1
20260820-221902	fcstor006	/data1/03	parallel	dd	seq1m.write	680.0	1
20260820-221902	fcstor004	/data1/02	parallel	fio	warmup-sw	3602.0	1
20260820-221902	fcstor003	/data1/02	serial	dd	seq1m.write	4198.4	1
20260820-221902	fcstor005	/data1/01	parallel	fio	rw-128k	3845.0	1
20260820-221902	fcstor005	/data1/03	parallel	fio	rr-4k	331.0	1
20260820-221902	fcstor003	/data1/03	parallel	fio	rr-4k	330.0	1
20260820-221902	fcstor003	/data1/06	parallel	fio	rw-4k	2057.0	1
20260820-221902	fcstor005	/data1/02	parallel	dd	seq1m.read	2867.2	1
20260820-221902	fcstor006	/data1/02	parallel	fio	rw-1m	3849.0	1
20260820-221902	fcstor003	/data1/05	serial	fio	ow-1m	3160.0	1
20260820-221902	fcstor004	/data1/02	parallel	fio	rw-1m	3852.0	1
20260820-221902	fcstor005	/data1/03	parallel	dd	seq1m.write	682.0	1
20260820-221902	fcstor003	/data1/04	serial	dd	seq1m.read	2867.2	1
20260820-221902	fcstor005	/data1/04	parallel	fio	rw-128k	3853.0	1
20260820-221902	fcstor004	/data1/04	serial	fio	ow-1m	3628.0	1
20260820-221902	fcstor005	/data1/03	serial	fio	ow-1m	3534.0	1
20260820-221902	fcstor003	/data1/03	serial	fio	rr-1m	3839.0	1
20260820-221902	fcstor006	/data1/02	serial	fio	ow-1m	3587.0	1
20260820-221902	fcstor004	/data1/02	serial	fio	rr-1m	4007.0	1
20260820-221902	fcstor004	/data1/05	serial	fio	warmup-sw	3168.0	1
20260820-221902	fcstor005	/data1/01	serial	fio	rr-1m	3868.0	1
20260820-221902	fcstor005	/data1/03	parallel	fio	rw-4k	1402.0	1
20260820-221902	fcstor006	/data1/02	serial	fio	rw-128k	3854.0	1
20260820-221902	fcstor003	/data1/03	parallel	fio	rw-4k	2095.0	1
20260820-221902	fcstor004	/data1/02	serial	fio	rw-128k	3852.0	1
20260820-221902	fcstor006	/data1/05	parallel	fio	ow-1m	2785.0	1
20260820-221902	fcstor005	/data1/01	serial	fio	warmup-sw	3882.0	1
20260820-221902	fcstor004	/data1/03	parallel	dd	seq1m.write	4198.4	1
20260820-221902	fcstor004	/data1/05	parallel	fio	ow-1m	3152.0	1
20260820-221902	fcstor005	/data1/03	serial	dd	seq1m.write	4198.4	1
20260820-221902	fcstor003	/data1/02	parallel	fio	rr-1m	4026.0	1
20260820-221902	fcstor006	/data1/06	parallel	fio	rr-128k	3388.0	1
20260820-221902	fcstor003	/data1/03	serial	fio	rw-1m	3853.0	1
20260820-221902	fcstor004	/data1/02	serial	fio	rw-1m	3789.0	1
20260820-221902	fcstor006	/data1/06	parallel	dd	seq1m_cached.write	2355.2	1
20260820-221902	fcstor003	/data1/03	parallel	dd	seq1m.write	3788.8	1
20260820-221902	fcstor005	/data1/01	serial	fio	rw-1m	3869.0	1
20260820-221902	fcstor006	/data1/03	parallel	fio	rr-4k	330.0	1
20260820-221902	fcstor004	/data1/03	parallel	fio	rr-4k	324.0	1
20260820-221902	fcstor004	/data1/04	serial	dd	seq1m.write	4096.0	1
20260820-221902	fcstor005	/data1/02	parallel	fio	rw-1m	3757.0	1
20260820-221902	fcstor003	/data1/02	parallel	fio	rw-1m	3855.0	1
20260820-221902	fcstor003	/data1/06	parallel	fio	warmup-sw	3148.0	1
20260820-221902	fcstor005	/data1/06	serial	dd	seq1m.read	2764.8	1
20260820-221902	fcstor003	/data1/05	parallel	fio	rr-128k	3428.0	1
20260820-221902	fcstor004	/data1/05	serial	dd	seq1m_cached.read	9932.8	1
20260820-221902	fcstor006	/data1/01	parallel	dd	seq1m.write	3686.4	1
20260820-221902	fcstor006	/data1/02	serial	dd	seq1m.read	2764.8	1
20260820-221902	fcstor004	/data1/01	parallel	fio	rr-128k	5065.0	1
20260820-221902	fcstor006	/data1/03	parallel	fio	rw-4k	1578.0	1
20260820-221902	fcstor004	/data1/06	parallel	dd	seq1m.read	2662.4	1
20260820-221902	fcstor004	/data1/03	parallel	fio	warmup-sw	3850.0	1
20260820-221902	fcstor004	/data1/03	parallel	fio	rw-4k	2208.0	1
20260820-221902	fcstor003	/data1/04	serial	dd	seq1m_cached.read	11264.0	1
20260820-221902	fcstor005	/data1/05	parallel	fio	ow-1m	2942.0	1
20260820-221902	fcstor003	/data1/05	parallel	fio	ow-1m	3085.0	1
20260820-221902	fcstor004	/data1/05	parallel	fio	rw-128k	2947.0	1
20260820-221902	fcstor006	/data1/05	parallel	dd	seq1m.read	2764.8	1
20260820-221902	fcstor005	/data1/01	parallel	dd	seq1m.write	4096.0	1
20260820-221902	fcstor006	/data1/02	parallel	fio	warmup-sw	3850.0	1
20260820-221902	fcstor004	/data1/06	serial	dd	seq1m_cached.read	11468.8	1
20260820-221902	fcstor003	/data1/06	parallel	dd	seq1m_cached.write	2252.8	1
20260820-221902	fcstor006	/data1/05	serial	fio	rr-128k	4504.0	1
20260820-221902	fcstor003	/data1/03	parallel	dd	seq1m.read	2764.8	1
20260820-221902	fcstor003	/data1/01	serial	dd	seq1m.read	3276.8	1
20260820-221902	fcstor004	/data1/05	serial	fio	rr-128k	3424.0	1
20260820-221902	fcstor006	/data1/05	serial	dd	seq1m.write	981.0	1
20260820-221902	fcstor003	/data1/06	serial	fio	warmup-sw	2907.0	1
20260820-221902	fcstor003	/data1/04	serial	fio	ow-1m	3750.0	1
20260820-221902	fcstor004	/data1/03	serial	fio	ow-1m	3540.0	1
20260820-221902	fcstor006	/data1/06	serial	fio	sr-1m	3240.0	1
20260820-221902	fcstor005	/data1/02	parallel	fio	ow-1m	3562.0	1
20260820-221902	fcstor004	/data1/02	serial	fio	warmup-sw	3850.0	1
20260820-221902	fcstor005	/data1/02	serial	fio	ow-1m	3735.0	1
20260820-221902	fcstor003	/data1/02	parallel	fio	ow-1m	3857.0	1
20260820-221902	fcstor004	/data1/01	parallel	dd	seq1m.write	677.0	1
20260820-221902	fcstor003	/data1/02	serial	fio	rr-1m	3524.0	1
20260820-221902	fcstor006	/data1/01	serial	fio	ow-1m	3866.0	1
20260820-221902	fcstor004	/data1/01	serial	fio	rr-1m	3809.0	1
20260820-221902	fcstor006	/data1/06	serial	fio	rw-128k	2879.0	1
20260820-221902	fcstor005	/data1/06	parallel	fio	rr-1m	3699.0	1
20260820-221902	fcstor003	/data1/06	parallel	fio	rr-1m	3192.0	1
20260820-221902	fcstor006	/data1/03	parallel	fio	rr-128k	5088.0	1
20260820-221902	fcstor003	/data1/01	parallel	dd	seq1m.write	4096.0	1
20260820-221902	fcstor006	/data1/06	serial	fio	sw-1m	3152.0	1
20260820-221902	fcstor003	/data1/02	serial	fio	rw-1m	3591.0	1
20260820-221902	fcstor004	/data1/01	serial	fio	rw-1m	3532.0	1
20260820-221902	fcstor005	/data1/06	parallel	fio	rw-1m	3581.0	1
20260820-221902	fcstor005	/data1/05	serial	fio	rr-128k	3415.0	1
20260820-221902	fcstor004	/data1/05	parallel	dd	seq1m_cached.write	2252.8	1
20260820-221902	fcstor003	/data1/05	serial	fio	rr-128k	3428.0	1
20260820-221902	fcstor006	/data1/02	parallel	dd	seq1m_cached.write	2355.2	1
20260820-221902	fcstor003	/data1/02	parallel	fio	rr-128k	5067.0	1
20260820-221902	fcstor005	/data1/03	serial	dd	seq1m.read	2969.6	1
20260820-221902	fcstor006	/data1/02	parallel	fio	ow-1m	3856.0	1
20260820-221902	fcstor004	/data1/02	parallel	fio	ow-1m	3698.0	1
20260820-221902	fcstor006	/data1/04	serial	fio	warmup-sw	3850.0	1
20260820-221902	fcstor005	/data1/06	parallel	fio	warmup-sw	667.0	1
20260820-221902	fcstor006	/data1/05	serial	dd	seq1m_cached.write	2355.2	1
20260820-221902	fcstor003	/data1/06	parallel	fio	rw-128k	2947.0	1
20260820-221902	fcstor005	/data1/06	serial	fio	rw-128k	3819.0	1
20260820-221902	fcstor003	/data1/06	serial	fio	rw-128k	3150.0	1
20260820-221902	fcstor006	/data1/06	parallel	fio	rr-1m	3122.0	1
20260820-221902	fcstor006	/data1/04	parallel	fio	sr-1m	3567.0	1
20260820-221902	fcstor004	/data1/06	parallel	fio	rr-1m	3161.0	1
20260820-221902	fcstor004	/data1/04	parallel	fio	sr-1m	3779.0	1
20260820-221902	fcstor003	/data1/05	serial	dd	seq1m_cached.write	2355.2	1
20260820-221902	fcstor003	/data1/03	serial	dd	seq1m_cached.write	2457.6	1
20260820-221902	fcstor004	/data1/02	parallel	fio	rw-128k	3852.0	1
20260820-221902	fcstor003	/data1/01	serial	dd	seq1m_cached.write	2457.6	1
20260820-221902	fcstor006	/data1/06	parallel	dd	seq1m.read	2764.8	1
20260820-221902	fcstor003	/data1/05	serial	dd	seq1m.write	2560.0	1
20260820-221902	fcstor003	/data1/04	parallel	dd	seq1m.read	3174.4	1
20260820-221902	fcstor003	/data1/03	serial	fio	warmup-sw	3559.0	1
20260820-221902	fcstor004	/data1/06	serial	dd	seq1m_cached.write	2355.2	1
20260820-221902	fcstor003	/data1/01	serial	dd	seq1m.write	4096.0	1
20260820-221902	fcstor004	/data1/04	serial	dd	seq1m_cached.write	2355.2	1
20260820-221902	fcstor004	/data1/02	serial	dd	seq1m_cached.write	2355.2	1
20260820-221902	fcstor003	/data1/02	parallel	dd	seq1m_cached.write	2252.8	1
20260820-221902	fcstor003	/data1/03	serial	fio	ow-1m	3858.0	1
20260820-221902	fcstor005	/data1/06	serial	fio	sr-1m	4162.0	1
20260820-221902	fcstor006	/data1/06	parallel	fio	rw-1m	3151.0	1
20260820-221902	fcstor006	/data1/04	parallel	fio	sw-1m	3827.0	1
20260820-221902	fcstor005	/data1/03	parallel	dd	seq1m.read	3276.8	1
20260820-221902	fcstor004	/data1/02	serial	fio	ow-1m	3856.0	1
20260820-221902	fcstor004	/data1/06	parallel	fio	rw-1m	2941.0	1
20260820-221902	fcstor004	/data1/04	parallel	fio	sw-1m	3852.0	1
20260820-221902	fcstor006	/data1/05	serial	fio	sr-1m	3611.0	1
20260820-221902	fcstor005	/data1/05	serial	dd	seq1m_cached.write	2355.2	1
20260820-221902	fcstor005	/data1/01	serial	fio	ow-1m	3648.0	1
20260820-221902	fcstor003	/data1/01	serial	fio	rr-1m	3820.0	1
20260820-221902	fcstor005	/data1/03	serial	dd	seq1m_cached.write	2457.6	1
20260820-221902	fcstor006	/data1/01	serial	dd	seq1m.write	4198.4	1
20260820-221902	fcstor005	/data1/01	serial	dd	seq1m_cached.write	2457.6	1
20260820-221902	fcstor005	/data1/04	parallel	fio	rr-128k	5102.0	1
20260820-221902	fcstor003	/data1/05	serial	dd	seq1m_cached.read	11366.4	1
20260820-221902	fcstor005	/data1/04	parallel	dd	seq1m_cached.write	2355.2	1
20260820-221902	fcstor006	/data1/01	parallel	fio	rw-128k	3851.0	1
20260820-221902	fcstor006	/data1/06	serial	dd	seq1m_cached.write	2355.2	1
20260820-221902	fcstor006	/data1/04	serial	dd	seq1m_cached.write	2457.6	1
20260820-221902	fcstor006	/data1/02	serial	dd	seq1m_cached.write	2355.2	1
20260820-221902	fcstor004	/data1/06	serial	fio	rw-128k	2966.0	1
20260820-221902	fcstor005	/data1/06	serial	fio	sw-1m	2357.0	1
20260820-221902	fcstor006	/data1/02	serial	fio	rr-128k	5102.0	1
20260820-221902	fcstor005	/data1/04	parallel	fio	sr-1m	3566.0	1
20260820-221902	fcstor003	/data1/06	serial	dd	seq1m_cached.write	2355.2	1
20260820-221902	fcstor005	/data1/06	serial	dd	seq1m.write	3788.8	1
20260820-221902	fcstor004	/data1/02	serial	fio	rr-128k	5089.0	1
20260820-221902	fcstor006	/data1/05	serial	fio	sw-1m	3553.0	1
20260820-221902	fcstor003	/data1/04	parallel	fio	sr-1m	3889.0	1
20260820-221902	fcstor003	/data1/04	serial	dd	seq1m_cached.write	2355.2	1
20260820-221902	fcstor003	/data1/02	serial	dd	seq1m_cached.write	2457.6	1
20260820-221902	fcstor005	/data1/02	serial	dd	seq1m.write	3788.8	1
20260820-221902	fcstor003	/data1/01	serial	fio	rw-1m	3853.0	1
20260820-221902	fcstor004	/data1/04	serial	dd	seq1m.read	3379.2	1
20260820-221902	fcstor003	/data1/06	serial	dd	seq1m_cached.read	11264.0	1
20260820-221902	fcstor006	/data1/04	parallel	fio	rw-128k	3851.0	1
20260820-221902	fcstor004	/data1/05	serial	dd	seq1m_cached.write	2252.8	1
